student_id,major,academic_ability,workload_tolerance,strategy,current_semester,gpa,total_courses_completed,total_credits,latent_strength_math,latent_strength_physics,latent_strength_chem_bio,latent_strength_computing,latent_strength_circuits,latent_strength_signals,latent_strength_systems_control,latent_strength_communication,latent_strength_lab_project,latent_strength_humanities_business
1,CSE,0.6908259617301572,0.5321080980053777,gpa_protective,7,2.79,35,99.0,0.448,0.814,0.616,0.528,0.617,0.794,0.549,0.385,0.415,0.601
2,CCE,0.5559240527524449,0.4834387648161695,balanced,5,3.01,26,70.0,0.072,0.773,0.544,0.76,0.536,0.614,0.614,0.613,0.55,0.806
3,ECE,0.766558299425126,0.20514054357801845,gpa_protective,3,3.119,15,43.0,0.98,0.608,0.736,0.815,0.98,0.693,0.526,0.924,0.893,0.621
4,ECE,0.5354958220886308,0.558720816937775,balanced,7,2.76,33,93.0,0.807,0.74,0.582,0.421,0.658,0.955,0.411,0.768,0.38,0.661
5,CSE,0.5912862636484039,0.5256225267272124,balanced,8,2.835,23,69.0,0.258,0.98,0.683,0.534,0.744,0.648,0.98,0.713,0.468,0.553
6,ECE,0.6624833841016952,0.21123248498316385,gpa_protective,3,2.602,16,46.0,0.054,0.98,0.419,0.585,0.453,0.416,0.498,0.652,0.514,0.653
7,CSE,0.2730642081751326,0.5953888992450551,balanced,6,1.86,30,86.0,0.309,0.179,0.409,0.201,0.162,0.463,0.435,0.403,0.374,0.14
8,CSE,0.5599469961695226,0.3575095312778964,gpa_protective,7,2.669,36,102.0,0.542,0.597,0.328,0.596,0.445,0.399,0.596,0.796,0.697,0.534
9,ECE,0.5118108232204676,0.30672710399969655,gpa_protective,4,3.065,20,54.0,0.655,0.807,0.416,0.513,0.245,0.618,0.694,0.327,0.489,0.531
10,CCE,0.9036083313389499,0.24488421099603658,balanced,4,3.65,16,48.0,0.746,0.889,0.695,0.98,0.785,0.922,0.821,0.838,0.894,0.98
11,CCE,0.7969819727708504,0.5639837752370639,major_progress,5,3.415,27,73.0,0.835,0.644,0.54,0.98,0.665,0.98,0.694,0.852,0.98,0.938
12,CCE,0.6400656545029263,0.2427829368650013,gpa_protective,4,2.682,20,56.0,0.454,0.629,0.446,0.786,0.186,0.521,0.579,0.968,0.548,0.774
13,CCE,0.3354392530856036,0.4285145315451316,major_progress,7,2.223,27,77.0,0.425,0.373,0.459,0.284,0.542,0.204,0.269,0.205,0.699,0.365
14,CCE,0.6383188939426235,0.5810736725431244,balanced,6,3.062,20,58.0,0.843,0.618,0.647,0.693,0.419,0.611,0.613,0.42,0.476,0.374
15,CSE,0.6955525797812157,0.29168166098603115,gpa_protective,3,3.098,16,46.0,0.833,0.364,0.641,0.88,0.47,0.51,0.631,0.976,0.845,0.899
16,CSE,0.5551439792468918,0.12710360554099454,balanced,7,2.731,17,49.0,0.326,0.589,0.54,0.584,0.619,0.657,0.253,0.573,0.579,0.497
17,ECE,0.49556476096600666,0.8086007512805012,major_progress,2,2.538,12,34.0,0.56,0.395,0.664,0.344,0.765,0.529,0.98,0.516,0.608,0.403
18,CSE,0.8267460435640778,0.45331605485091253,major_progress,6,3.724,28,80.0,0.764,0.561,0.895,0.872,0.87,0.873,0.98,0.98,0.82,0.936
19,ECE,0.8262341465843023,0.3498130163556419,major_progress,3,3.603,14,40.0,0.76,0.98,0.934,0.647,0.739,0.98,0.742,0.755,0.98,0.724
20,CCE,0.7194626712247334,0.2918515507812501,gpa_protective,3,3.763,15,41.0,0.876,0.755,0.717,0.688,0.98,0.924,0.641,0.878,0.829,0.98
21,ECE,0.5003311958929416,0.47916070503414077,balanced,4,2.279,20,56.0,0.236,0.527,0.53,0.429,0.853,0.429,0.429,0.616,0.388,0.692
22,CSE,0.2627058464473339,0.5097721497918718,gpa_protective,3,1.67,16,44.0,0.172,0.475,0.294,0.328,0.248,0.166,0.471,0.551,0.256,0.05
23,ECE,0.3537005673834414,0.48543468340097584,major_progress,5,2.616,20,58.0,0.521,0.433,0.445,0.578,0.657,0.809,0.604,0.287,0.417,0.497
24,CCE,0.3446586897061759,0.4110356418876979,balanced,6,2.016,24,68.0,0.483,0.338,0.317,0.437,0.25,0.38,0.581,0.275,0.245,0.408
25,CCE,0.31292805653421957,0.6319586087817104,balanced,7,2.034,36,102.0,0.553,0.307,0.429,0.05,0.325,0.575,0.326,0.771,0.46,0.368
26,ECE,0.5792863277334875,0.6180802022936042,balanced,7,2.713,23,63.0,0.119,0.824,0.477,0.368,0.29,0.98,0.98,0.341,0.736,0.527
27,CSE,0.8214339552646526,0.20849870066237272,gpa_protective,8,3.461,36,100.0,0.723,0.98,0.841,0.581,0.841,0.98,0.613,0.828,0.709,0.715
28,ECE,0.329405779137935,0.6848995327312885,balanced,4,2.2,20,54.0,0.189,0.491,0.32,0.419,0.588,0.151,0.222,0.617,0.103,0.312
29,CCE,0.6409524526927936,0.5191485820127872,gpa_protective,4,2.893,20,56.0,0.959,0.52,0.727,0.793,0.419,0.468,0.815,0.683,0.637,0.772
30,CSE,0.5416399494073533,0.42241120305140517,balanced,6,2.559,26,76.0,0.618,0.691,0.323,0.472,0.354,0.66,0.286,0.663,0.449,0.127
31,CSE,0.8855434649165087,0.576922961617683,balanced,2,3.835,10,26.0,0.641,0.827,0.915,0.98,0.73,0.98,0.774,0.718,0.971,0.98
32,CCE,0.700845592670455,0.6199123072049783,balanced,3,3.472,17,47.0,0.707,0.386,0.98,0.797,0.98,0.839,0.75,0.691,0.839,0.608
33,CCE,0.7475504374012223,0.47587114626943217,balanced,3,3.352,18,48.0,0.666,0.714,0.611,0.761,0.631,0.917,0.811,0.79,0.819,0.939
34,ECE,0.6110678121682919,0.6590246199093803,gpa_protective,5,2.86,27,75.0,0.278,0.777,0.539,0.722,0.954,0.446,0.635,0.627,0.58,0.496
35,ECE,0.6000946312988583,0.7121666005914266,gpa_protective,2,2.597,12,32.0,0.817,0.743,0.659,0.746,0.653,0.328,0.787,0.584,0.481,0.212
36,CSE,0.4692895104613586,0.6163523113065167,balanced,5,2.506,22,64.0,0.349,0.05,0.539,0.473,0.091,0.784,0.38,0.798,0.473,0.353
37,CCE,0.8761022252185465,0.4236879530833839,gpa_protective,3,3.591,17,47.0,0.98,0.823,0.812,0.704,0.879,0.98,0.705,0.98,0.98,0.863
38,CCE,0.5660981141998187,0.5542354801060425,major_progress,4,3.111,19,53.0,0.37,0.515,0.761,0.844,0.646,0.663,0.631,0.513,0.422,0.618
39,ECE,0.46320253837582437,0.7009406384446727,balanced,3,2.585,15,41.0,0.72,0.871,0.494,0.577,0.577,0.459,0.396,0.665,0.562,0.314
40,CSE,0.5810600511106213,0.6456263806867653,balanced,6,2.825,30,88.0,0.646,0.559,0.734,0.452,0.791,0.98,0.586,0.593,0.325,0.542
41,ECE,0.7177323295287802,0.23898766357929094,balanced,5,3.123,25,71.0,0.696,0.724,0.631,0.741,0.86,0.98,0.98,0.66,0.364,0.576
42,ECE,0.6894756204064827,0.45812326291057653,balanced,2,2.967,12,30.0,0.972,0.493,0.927,0.649,0.952,0.404,0.699,0.587,0.664,0.463
43,CCE,0.5708721495484044,0.5382940853177399,major_progress,8,2.847,27,79.0,0.623,0.382,0.823,0.71,0.246,0.576,0.401,0.803,0.369,0.432
44,CCE,0.8696924737067111,0.4763774728778365,major_progress,4,3.738,22,60.0,0.906,0.884,0.838,0.832,0.98,0.755,0.965,0.98,0.975,0.901
45,CSE,0.5624217652418164,0.18511415077111049,balanced,2,2.428,11,29.0,0.658,0.712,0.305,0.73,0.439,0.355,0.614,0.531,0.52,0.242
46,CCE,0.39699660760904665,0.8254675326546461,major_progress,7,2.11,33,93.0,0.305,0.421,0.265,0.376,0.273,0.342,0.345,0.168,0.529,0.258
47,ECE,0.7043318131438423,0.6498519445098616,balanced,5,2.981,26,70.0,0.865,0.544,0.56,0.565,0.753,0.892,0.636,0.712,0.806,0.652
48,CSE,0.6009471251770991,0.38363752446732424,gpa_protective,8,2.969,32,96.0,0.69,0.338,0.573,0.897,0.604,0.752,0.419,0.502,0.541,0.55
49,CCE,0.44826146504857567,0.43124676682491797,balanced,4,2.334,21,59.0,0.559,0.346,0.526,0.426,0.238,0.609,0.241,0.488,0.524,0.686
50,CCE,0.3459032015656633,0.6948131760416396,gpa_protective,8,2.213,37,105.0,0.348,0.456,0.363,0.57,0.688,0.096,0.605,0.36,0.202,0.133
51,CCE,0.489637722336232,0.4991862421210421,major_progress,8,2.692,42,116.0,0.493,0.594,0.249,0.637,0.466,0.889,0.53,0.707,0.98,0.587
52,ECE,0.6363047289344816,0.26514186717339827,major_progress,6,2.765,17,51.0,0.777,0.411,0.882,0.551,0.604,0.594,0.9,0.966,0.549,0.662
53,ECE,0.4670326963531208,0.6004173912434715,balanced,6,2.297,27,77.0,0.324,0.575,0.682,0.259,0.617,0.585,0.711,0.561,0.713,0.287
54,ECE,0.6977173249085786,0.19611189119409284,balanced,3,2.986,15,43.0,0.915,0.696,0.736,0.778,0.874,0.952,0.585,0.745,0.5,0.837
55,CSE,0.7165662934996424,0.4905820756677289,balanced,5,2.987,28,78.0,0.98,0.516,0.847,0.634,0.672,0.54,0.591,0.808,0.871,0.664
56,CCE,0.5973947856309637,0.6468302681909046,balanced,4,2.698,21,61.0,0.464,0.667,0.377,0.744,0.638,0.703,0.344,0.11,0.897,0.66
57,ECE,0.9182086926317469,0.44848982548530925,balanced,2,3.461,11,31.0,0.98,0.98,0.908,0.98,0.583,0.831,0.98,0.86,0.559,0.821
58,CCE,0.5035884539310785,0.7716906734899465,balanced,5,2.872,26,76.0,0.758,0.728,0.615,0.582,0.337,0.623,0.578,0.732,0.553,0.776
59,CCE,0.34512013458585905,0.7760342173414748,gpa_protective,2,2.387,11,31.0,0.448,0.401,0.095,0.479,0.536,0.508,0.297,0.078,0.462,0.399
60,CCE,0.6804906197301254,0.5476766662291004,gpa_protective,2,3.5,8,24.0,0.98,0.926,0.76,0.619,0.98,0.98,0.781,0.509,0.586,0.7
61,CCE,0.8448893214976486,0.6074598884100975,gpa_protective,3,3.635,16,46.0,0.792,0.934,0.44,0.855,0.795,0.924,0.907,0.87,0.98,0.98
62,ECE,0.5998459410690768,0.44640193632826636,balanced,3,2.602,15,43.0,0.557,0.754,0.522,0.544,0.47,0.283,0.455,0.634,0.695,0.511
63,CSE,0.6898507389857927,0.631413413905483,balanced,4,2.855,22,60.0,0.782,0.962,0.678,0.337,0.455,0.632,0.799,0.646,0.859,0.606
64,ECE,0.7550433027072515,0.7569956660018032,gpa_protective,6,3.53,30,86.0,0.961,0.781,0.802,0.815,0.648,0.973,0.79,0.664,0.641,0.713
65,CCE,0.4587671866225353,0.734337640629666,balanced,8,2.559,21,59.0,0.605,0.346,0.266,0.306,0.697,0.706,0.225,0.303,0.642,0.512
66,CSE,0.8306693068249646,0.3979533774766976,balanced,3,3.485,17,47.0,0.669,0.752,0.697,0.629,0.867,0.823,0.895,0.535,0.956,0.571
67,ECE,0.2869651541123144,0.4499598946427019,balanced,4,1.632,19,53.0,0.05,0.111,0.05,0.25,0.223,0.2,0.261,0.558,0.356,0.356
68,CSE,0.7177501170147021,0.7180468364559996,gpa_protective,3,3.641,13,37.0,0.98,0.617,0.368,0.544,0.782,0.4,0.98,0.939,0.643,0.672
69,CCE,0.8195712192469887,0.7900569237323684,balanced,8,3.453,27,73.0,0.98,0.98,0.782,0.507,0.842,0.98,0.924,0.814,0.98,0.393
70,ECE,0.5389190398341898,0.4786921256218483,major_progress,4,1.957,20,56.0,0.593,0.71,0.527,0.262,0.461,0.706,0.821,0.525,0.664,0.438
71,ECE,0.8554874795019493,0.6555090197044411,major_progress,2,3.259,11,27.0,0.98,0.98,0.977,0.672,0.854,0.98,0.667,0.82,0.933,0.744
72,CSE,0.7215834915039429,0.7335039453764957,balanced,4,3.393,23,61.0,0.498,0.865,0.866,0.907,0.98,0.554,0.885,0.98,0.868,0.599
73,ECE,0.7555791761339711,0.3939776825772,gpa_protective,6,3.351,26,72.0,0.98,0.402,0.773,0.78,0.546,0.937,0.98,0.98,0.86,0.574
74,ECE,0.5890003384614598,0.6474911602250556,balanced,7,3.13,34,96.0,0.699,0.501,0.72,0.589,0.98,0.458,0.57,0.581,0.311,0.756
75,CCE,0.6715279437681195,0.26117204682610823,balanced,7,3.145,22,64.0,0.352,0.825,0.925,0.98,0.639,0.488,0.699,0.545,0.98,0.585
76,CSE,0.7377396946186481,0.2928162756684636,balanced,3,3.274,16,42.0,0.564,0.608,0.722,0.66,0.98,0.947,0.743,0.813,0.958,0.724
77,ECE,0.5159074427861273,0.8322400240196584,major_progress,5,2.44,23,65.0,0.446,0.056,0.605,0.269,0.613,0.081,0.448,0.529,0.482,0.433
78,CCE,0.8165087041768618,0.3144788788909043,gpa_protective,5,3.379,23,67.0,0.787,0.593,0.726,0.757,0.551,0.516,0.98,0.976,0.607,0.897
79,CCE,0.9149239229966889,0.9190986286322702,balanced,2,3.664,11,33.0,0.875,0.815,0.656,0.833,0.66,0.585,0.98,0.98,0.873,0.98
80,CCE,0.4929349286768516,0.30593949426126665,balanced,2,2.578,9,27.0,0.547,0.539,0.36,0.274,0.349,0.781,0.833,0.394,0.8,0.297
81,ECE,0.6629798635041246,0.6750952353470017,major_progress,2,2.574,11,31.0,0.85,0.882,0.836,0.447,0.942,0.428,0.506,0.646,0.726,0.774
82,ECE,0.8791724477315399,0.379236954397877,balanced,6,4.0,32,92.0,0.98,0.98,0.913,0.98,0.951,0.847,0.921,0.502,0.747,0.903
83,ECE,0.7486585937709698,0.6880000116660808,major_progress,4,3.32,20,60.0,0.501,0.98,0.602,0.615,0.362,0.757,0.525,0.845,0.817,0.755
84,CSE,0.8115300193991289,0.39219799875210637,gpa_protective,2,3.441,12,34.0,0.713,0.863,0.838,0.917,0.782,0.98,0.762,0.98,0.576,0.718
85,ECE,0.7624199717860903,0.5342437257506035,balanced,2,2.904,9,25.0,0.895,0.839,0.469,0.566,0.625,0.98,0.692,0.866,0.596,0.575
86,CCE,0.7163699784379447,0.3098610445427587,balanced,4,2.851,21,59.0,0.677,0.846,0.557,0.52,0.81,0.747,0.514,0.676,0.655,0.697
87,CSE,0.7671129876764676,0.6571588490007982,balanced,3,3.3,16,44.0,0.871,0.709,0.743,0.764,0.862,0.733,0.661,0.695,0.641,0.766
88,CCE,0.5297949043126551,0.42525609132172804,balanced,6,2.686,24,70.0,0.904,0.225,0.467,0.381,0.505,0.835,0.598,0.893,0.441,0.509
89,ECE,0.6086020203213123,0.860950286303114,balanced,7,3.272,21,61.0,0.593,0.98,0.669,0.805,0.482,0.763,0.393,0.752,0.695,0.677
90,ECE,0.4788732326740731,0.4857727995088679,balanced,8,2.15,22,64.0,0.106,0.848,0.567,0.391,0.455,0.591,0.525,0.103,0.163,0.599
91,ECE,0.736151052566985,0.3533589012026453,balanced,6,3.524,27,75.0,0.638,0.836,0.51,0.552,0.453,0.963,0.817,0.929,0.701,0.733
92,ECE,0.6132990547404653,0.5398116064104127,gpa_protective,7,2.812,25,69.0,0.937,0.447,0.307,0.823,0.9,0.772,0.631,0.698,0.551,0.438
93,CSE,0.41596213338443067,0.6432279255689345,balanced,8,2.456,27,77.0,0.152,0.587,0.619,0.784,0.354,0.532,0.518,0.559,0.417,0.515
94,CCE,0.719130642437093,0.6880987803287133,balanced,6,2.575,34,96.0,0.274,0.643,0.777,0.282,0.979,0.446,0.709,0.66,0.761,0.925
95,CSE,0.7885087275249408,0.16998602210213373,balanced,2,3.339,11,31.0,0.875,0.694,0.9,0.871,0.542,0.87,0.61,0.867,0.779,0.961
96,ECE,0.21589286985328138,0.6815950834440963,balanced,2,1.679,12,34.0,0.451,0.293,0.2,0.12,0.164,0.558,0.1,0.297,0.05,0.401
97,CCE,0.3831255848862523,0.3240423034912059,gpa_protective,6,1.923,32,90.0,0.419,0.104,0.462,0.402,0.208,0.271,0.203,0.667,0.408,0.329
98,CSE,0.5875061615572189,0.3996537137215441,balanced,3,2.328,16,40.0,0.472,0.593,0.48,0.153,0.309,0.98,0.687,0.609,0.747,0.691
99,ECE,0.37675078300746057,0.41515435337277684,balanced,5,2.032,22,66.0,0.05,0.05,0.512,0.358,0.469,0.347,0.457,0.539,0.367,0.207
100,CSE,0.5831050822034564,0.29963062674687707,balanced,7,2.704,36,100.0,0.98,0.823,0.504,0.313,0.767,0.756,0.861,0.629,0.398,0.37
101,ECE,0.6333778955319288,0.3106732293812483,major_progress,8,3.062,28,80.0,0.491,0.494,0.676,0.739,0.743,0.576,0.59,0.742,0.484,0.605
102,CCE,0.6483987380009602,0.5676555382226816,balanced,7,3.121,25,71.0,0.979,0.753,0.477,0.691,0.629,0.85,0.775,0.569,0.785,0.452
103,ECE,0.5328681123000898,0.3922118946315242,balanced,8,2.546,40,112.0,0.552,0.727,0.21,0.764,0.395,0.644,0.482,0.918,0.079,0.53
104,CCE,0.3156703450658441,0.5491828589738317,balanced,7,1.852,27,81.0,0.207,0.465,0.433,0.225,0.101,0.106,0.189,0.05,0.497,0.208
105,ECE,0.564771325135388,0.06788929790475655,gpa_protective,6,2.901,30,88.0,0.609,0.758,0.551,0.819,0.475,0.48,0.716,0.643,0.391,0.622
106,ECE,0.5898207651778938,0.6745560976086958,balanced,6,2.949,30,82.0,0.553,0.98,0.657,0.579,0.98,0.48,0.619,0.603,0.507,0.287
107,CCE,0.4197244573206764,0.6658722861256289,major_progress,6,1.947,29,85.0,0.469,0.279,0.45,0.204,0.413,0.482,0.29,0.927,0.467,0.483
108,CSE,0.655459764151351,0.7203399988197094,major_progress,8,3.202,23,65.0,0.42,0.545,0.696,0.563,0.386,0.609,0.771,0.615,0.501,0.849
109,CCE,0.7216809198801155,0.40672413401813917,balanced,3,3.251,17,49.0,0.643,0.877,0.797,0.483,0.98,0.98,0.752,0.98,0.722,0.675
110,CCE,0.7527031524315945,0.6300766742038786,balanced,3,3.32,16,44.0,0.98,0.3,0.664,0.851,0.601,0.822,0.823,0.607,0.671,0.935
111,ECE,0.8036168702862037,0.5264006210420284,major_progress,3,3.498,15,41.0,0.977,0.525,0.813,0.849,0.881,0.802,0.831,0.749,0.81,0.883
112,CSE,0.4542041811099912,0.37016466511347507,balanced,7,2.543,19,53.0,0.416,0.166,0.348,0.52,0.523,0.097,0.682,0.5,0.402,0.573
113,CSE,0.3338672183094693,0.6132494602753584,major_progress,5,2.179,22,62.0,0.4,0.33,0.527,0.119,0.434,0.208,0.436,0.14,0.254,0.317
114,CCE,0.4181365297498498,0.564593421335824,balanced,8,2.24,42,118.0,0.368,0.512,0.525,0.369,0.585,0.334,0.486,0.347,0.647,0.511
115,CCE,0.6293717349504815,0.5321335802733962,major_progress,3,2.67,15,43.0,0.591,0.789,0.98,0.515,0.501,0.798,0.851,0.832,0.639,0.751
116,CCE,0.7650482690033608,0.372857060740615,balanced,8,3.303,34,94.0,0.696,0.98,0.717,0.67,0.704,0.642,0.815,0.5,0.701,0.896
117,ECE,0.8936834209157187,0.8069174253558565,balanced,8,3.741,33,97.0,0.98,0.882,0.98,0.737,0.646,0.802,0.784,0.98,0.654,0.838
118,CSE,0.6729704776042799,0.8031506442415197,balanced,4,2.981,22,62.0,0.647,0.73,0.877,0.575,0.54,0.721,0.666,0.36,0.572,0.626
119,ECE,0.3182610409109965,0.5080098206487975,gpa_protective,5,1.79,25,71.0,0.05,0.477,0.082,0.391,0.359,0.4,0.419,0.108,0.188,0.181
120,CCE,0.6477023602136829,0.32065054459067505,major_progress,3,3.15,14,42.0,0.905,0.757,0.626,0.657,0.292,0.634,0.571,0.516,0.809,0.422
121,ECE,0.2889915881862998,0.5139511807947366,major_progress,6,2.014,21,59.0,0.248,0.341,0.096,0.063,0.476,0.388,0.431,0.453,0.05,0.542
122,CCE,0.5598259851050527,0.35133905793333,gpa_protective,3,2.26,15,43.0,0.274,0.634,0.768,0.333,0.498,0.746,0.579,0.98,0.413,0.663
123,CCE,0.6971215511582278,0.7326294200776922,balanced,2,3.067,12,30.0,0.797,0.712,0.502,0.482,0.98,0.569,0.98,0.905,0.698,0.569
124,CSE,0.31802979982960494,0.6507813327482015,balanced,6,2.001,23,67.0,0.352,0.441,0.33,0.312,0.347,0.552,0.203,0.342,0.333,0.15
125,ECE,0.44328460816288523,0.6505238470441872,balanced,7,2.152,36,102.0,0.533,0.166,0.174,0.396,0.615,0.485,0.481,0.342,0.381,0.482
126,ECE,0.593929198370951,0.6071192776052973,major_progress,3,2.509,16,46.0,0.565,0.698,0.506,0.654,0.706,0.59,0.607,0.663,0.637,0.615
127,CSE,0.4635596101596561,0.4414947718191054,balanced,4,2.314,23,65.0,0.571,0.547,0.958,0.05,0.482,0.462,0.323,0.584,0.264,0.459
128,CSE,0.6825047330321052,0.9751888327557368,gpa_protective,4,3.281,22,62.0,0.961,0.641,0.655,0.98,0.682,0.288,0.709,0.709,0.743,0.794
129,CSE,0.805022244062694,0.8984910014640708,gpa_protective,6,3.381,34,96.0,0.664,0.911,0.628,0.928,0.98,0.667,0.971,0.796,0.98,0.506
130,CSE,0.6859138965768441,0.4731313986567246,gpa_protective,7,3.152,35,99.0,0.82,0.736,0.98,0.569,0.368,0.98,0.746,0.51,0.276,0.67
131,CCE,0.7389101913412904,0.6799424408110121,major_progress,6,3.348,30,86.0,0.511,0.635,0.851,0.736,0.958,0.9,0.98,0.98,0.98,0.644
132,CSE,0.2606016595513996,0.3732335380661103,gpa_protective,4,1.551,23,65.0,0.494,0.23,0.072,0.286,0.283,0.632,0.05,0.309,0.405,0.239
133,CCE,0.6733450839060835,0.8372192008940698,gpa_protective,7,3.522,25,73.0,0.532,0.563,0.833,0.705,0.879,0.488,0.919,0.866,0.98,0.77
134,ECE,0.6684623086324153,0.5952981754189809,balanced,2,2.75,10,28.0,0.334,0.921,0.705,0.768,0.535,0.518,0.474,0.779,0.552,0.613
135,CCE,0.5501065483514603,0.434493808749531,balanced,5,2.506,23,67.0,0.856,0.684,0.363,0.98,0.304,0.848,0.097,0.517,0.208,0.527
136,CSE,0.35517822778829905,0.4915497471809072,major_progress,7,1.763,22,62.0,0.1,0.535,0.417,0.079,0.353,0.293,0.32,0.349,0.053,0.068
137,ECE,0.3807378370919486,0.5670881644295135,balanced,4,2.02,19,51.0,0.25,0.495,0.548,0.377,0.331,0.52,0.533,0.553,0.663,0.21
138,CSE,0.7287222648328092,0.7185583434254869,gpa_protective,8,3.605,39,113.0,0.897,0.667,0.98,0.931,0.716,0.949,0.585,0.796,0.735,0.874
139,CSE,0.49355494061682426,0.8066501847014873,gpa_protective,6,2.84,32,90.0,0.658,0.608,0.522,0.593,0.449,0.418,0.728,0.642,0.424,0.783
140,CCE,0.515613330505508,0.5141846596842795,major_progress,2,2.025,10,28.0,0.608,0.515,0.766,0.38,0.297,0.74,0.368,0.615,0.432,0.222
141,ECE,0.7757822305130405,0.6469795483636671,balanced,5,3.195,22,66.0,0.744,0.98,0.512,0.867,0.69,0.919,0.718,0.786,0.613,0.404
142,CSE,0.8782513224777896,0.5642057332759937,major_progress,8,3.94,18,50.0,0.719,0.98,0.98,0.505,0.697,0.98,0.966,0.94,0.833,0.98
143,CSE,0.6328858781808646,0.7908318065963563,balanced,3,2.8,17,45.0,0.773,0.467,0.84,0.325,0.98,0.633,0.906,0.336,0.407,0.776
144,ECE,0.7251551619441476,0.4109875207701096,gpa_protective,6,3.351,25,71.0,0.717,0.697,0.723,0.568,0.98,0.904,0.98,0.861,0.745,0.98
145,ECE,0.09381105806611162,0.5248241616166526,balanced,2,1.242,11,31.0,0.05,0.132,0.342,0.05,0.223,0.328,0.05,0.264,0.05,0.173
146,CSE,0.8702067379221489,0.8957719474337719,gpa_protective,4,3.72,22,56.0,0.776,0.696,0.847,0.84,0.936,0.855,0.842,0.738,0.751,0.757
147,CCE,0.655576656046627,0.7550240054760649,balanced,2,2.777,11,31.0,0.727,0.379,0.673,0.757,0.73,0.381,0.866,0.642,0.679,0.642
148,CSE,0.5619822069379583,0.5535301549455316,balanced,6,2.864,30,88.0,0.748,0.549,0.69,0.523,0.752,0.739,0.816,0.757,0.179,0.555
149,ECE,0.46470346873200585,0.37759988451461385,balanced,4,2.809,20,58.0,0.587,0.719,0.57,0.397,0.203,0.488,0.562,0.465,0.45,0.437
150,ECE,0.32190547132538544,0.3368745026630289,balanced,4,1.903,22,60.0,0.473,0.436,0.436,0.254,0.596,0.05,0.812,0.18,0.21,0.408
151,CCE,0.7207693482782336,0.7219884549899321,gpa_protective,4,3.332,22,62.0,0.745,0.653,0.768,0.737,0.501,0.511,0.46,0.701,0.445,0.849
152,ECE,0.4585938946286002,0.1964836961249952,gpa_protective,8,2.393,26,74.0,0.059,0.837,0.352,0.708,0.541,0.808,0.322,0.489,0.321,0.594
153,CCE,0.7084897428630029,0.533366434325283,balanced,2,3.179,11,29.0,0.694,0.629,0.173,0.533,0.98,0.72,0.757,0.752,0.98,0.543
154,ECE,0.9210537724464619,0.8459164863960097,balanced,8,4.0,23,65.0,0.98,0.98,0.98,0.817,0.98,0.98,0.842,0.875,0.98,0.946
155,CCE,0.847188375604816,0.7456952816358132,balanced,3,3.935,18,46.0,0.855,0.98,0.802,0.98,0.903,0.98,0.781,0.898,0.727,0.869
156,CSE,0.571967526166502,0.4516615556524575,balanced,3,2.425,16,44.0,0.766,0.71,0.51,0.286,0.733,0.723,0.23,0.642,0.628,0.645
157,ECE,0.3468385536320134,0.27708953401900005,balanced,8,1.913,17,47.0,0.344,0.427,0.351,0.197,0.741,0.786,0.134,0.398,0.17,0.05
158,ECE,0.3465331216547788,0.6093470523349623,balanced,7,1.821,35,99.0,0.398,0.248,0.082,0.333,0.243,0.469,0.531,0.05,0.358,0.257
159,ECE,0.6183429850712637,0.46585803524302627,balanced,8,3.197,22,62.0,0.757,0.98,0.547,0.98,0.687,0.834,0.973,0.81,0.757,0.604
160,CSE,0.660177188767383,0.5315787793724372,balanced,7,3.162,35,97.0,0.908,0.511,0.63,0.513,0.561,0.656,0.938,0.881,0.658,0.648
161,CCE,0.610252749443174,0.20547590493999715,balanced,4,2.639,18,54.0,0.856,0.913,0.607,0.501,0.496,0.749,0.585,0.421,0.398,0.723
162,CSE,0.557773249998509,0.5151685763920609,gpa_protective,5,2.81,24,70.0,0.594,0.793,0.5,0.543,0.568,0.505,0.84,0.921,0.657,0.572
163,ECE,0.8920850061887965,0.5149819644123195,gpa_protective,6,3.834,28,80.0,0.891,0.98,0.915,0.952,0.873,0.808,0.974,0.98,0.965,0.926
164,ECE,0.3938881856620285,0.5715311311485901,balanced,8,2.003,24,70.0,0.288,0.514,0.426,0.119,0.668,0.515,0.622,0.388,0.484,0.374
165,CSE,0.47987729920843686,0.9537638109742816,major_progress,6,2.521,18,52.0,0.436,0.593,0.536,0.445,0.579,0.618,0.305,0.483,0.115,0.46
166,CSE,0.8073461463820395,0.4031226621753041,balanced,2,3.174,11,31.0,0.587,0.843,0.964,0.597,0.778,0.922,0.59,0.98,0.98,0.664
167,CSE,0.2085488592127458,0.3844980789775288,gpa_protective,7,1.468,30,84.0,0.542,0.125,0.409,0.05,0.093,0.05,0.259,0.233,0.126,0.287
168,CCE,0.6331888117472819,0.4928582565076574,balanced,3,2.867,15,45.0,0.482,0.434,0.787,0.893,0.98,0.84,0.566,0.807,0.635,0.582
169,CCE,0.38655015399065956,0.677272118878258,balanced,3,1.976,15,41.0,0.05,0.264,0.403,0.19,0.656,0.122,0.104,0.378,0.247,0.145
170,CCE,0.5150511587481477,0.41864602709993515,balanced,5,2.639,24,66.0,0.736,0.412,0.582,0.329,0.758,0.685,0.779,0.733,0.644,0.772
171,CSE,0.7468598575023879,0.4502228757018361,major_progress,3,3.383,15,41.0,0.642,0.724,0.646,0.791,0.809,0.85,0.949,0.794,0.864,0.97
172,CCE,0.7359895369668749,0.4158949872753726,balanced,6,3.192,26,74.0,0.797,0.573,0.7,0.648,0.98,0.799,0.753,0.764,0.767,0.746
173,CSE,0.5238057418851279,0.40643761444002713,major_progress,3,2.882,14,38.0,0.491,0.488,0.554,0.705,0.493,0.548,0.509,0.481,0.559,0.392
174,ECE,0.48915536362817735,0.38772401073661195,major_progress,3,2.565,15,43.0,0.349,0.595,0.326,0.627,0.411,0.413,0.98,0.458,0.794,0.948
175,CSE,0.5763975476485321,0.5750776494054028,major_progress,6,2.824,32,88.0,0.574,0.338,0.396,0.773,0.389,0.683,0.729,0.59,0.532,0.7
176,CSE,0.626535656196356,0.6998191069765586,major_progress,6,3.083,30,86.0,0.586,0.636,0.678,0.57,0.742,0.524,0.527,0.867,0.752,0.865
177,ECE,0.5526948170664421,0.39217314088227745,major_progress,2,2.335,11,31.0,0.432,0.655,0.816,0.337,0.504,0.551,0.403,0.304,0.695,0.513
178,CCE,0.7908943450427882,0.8736278261861158,balanced,2,3.48,9,25.0,0.779,0.692,0.98,0.905,0.901,0.687,0.781,0.866,0.846,0.638
179,CSE,0.5965934291624214,0.6509110950571184,balanced,2,2.514,10,28.0,0.924,0.64,0.498,0.555,0.66,0.921,0.612,0.611,0.322,0.735
180,ECE,0.6465870948551947,0.660078733376035,balanced,4,2.827,21,55.0,0.597,0.819,0.388,0.508,0.39,0.648,0.899,0.301,0.98,0.587
181,CSE,0.8317064208634347,0.7235676696669452,balanced,6,3.515,23,67.0,0.928,0.941,0.699,0.65,0.691,0.912,0.98,0.958,0.542,0.671
182,CCE,0.4348939235442449,0.5281246251391285,balanced,2,2.478,11,27.0,0.216,0.393,0.771,0.468,0.376,0.38,0.441,0.322,0.441,0.788
183,CSE,0.5486204265227673,0.23725471353865532,major_progress,2,2.755,11,31.0,0.706,0.508,0.588,0.599,0.441,0.849,0.379,0.326,0.406,0.05
184,CCE,0.681323570527892,0.3356194443726728,gpa_protective,8,2.987,24,72.0,0.572,0.736,0.744,0.928,0.756,0.839,0.593,0.871,0.578,0.476
185,ECE,0.8027541160328335,0.7690947780173657,balanced,4,3.517,22,60.0,0.98,0.821,0.708,0.508,0.953,0.761,0.9,0.88,0.795,0.98
186,CCE,0.5760132181752132,0.48133674669216653,balanced,7,2.782,17,51.0,0.338,0.498,0.373,0.592,0.393,0.579,0.646,0.739,0.45,0.61
187,CCE,0.6492595557795655,0.370315186407969,balanced,4,2.963,20,54.0,0.726,0.638,0.738,0.755,0.296,0.92,0.391,0.752,0.804,0.72
188,CCE,0.4525519620303671,0.608535551737111,major_progress,2,2.011,10,28.0,0.588,0.734,0.425,0.521,0.546,0.466,0.419,0.293,0.652,0.779
189,CCE,0.6761532561549939,0.7158034113471143,major_progress,8,3.336,40,118.0,0.933,0.602,0.608,0.708,0.944,0.98,0.905,0.66,0.71,0.653
190,CSE,0.47965362217631,0.6169581182941712,balanced,3,2.447,15,43.0,0.529,0.327,0.582,0.547,0.05,0.456,0.344,0.406,0.481,0.231
191,ECE,0.34977399777669743,0.1922053904976458,gpa_protective,4,1.968,21,57.0,0.751,0.05,0.3,0.211,0.295,0.204,0.485,0.339,0.321,0.551
192,CCE,0.3018399033276897,0.5786074206591679,gpa_protective,6,2.163,31,87.0,0.05,0.696,0.284,0.096,0.271,0.635,0.448,0.233,0.227,0.575
193,CCE,0.7056787999654422,0.46286017910715505,balanced,5,3.327,26,74.0,0.98,0.909,0.874,0.98,0.536,0.68,0.805,0.798,0.537,0.844
194,ECE,0.6655352379222432,0.5639656182603169,balanced,3,2.752,18,50.0,0.361,0.692,0.725,0.525,0.851,0.674,0.754,0.659,0.684,0.33
195,CCE,0.6150843991247692,0.5553110296778782,major_progress,6,3.329,20,58.0,0.576,0.321,0.661,0.549,0.81,0.758,0.331,0.412,0.645,0.871
196,ECE,0.42299295432485845,0.6139557174632907,balanced,4,2.794,18,54.0,0.695,0.636,0.432,0.412,0.816,0.217,0.471,0.489,0.448,0.765
197,CSE,0.5528971304122063,0.7479659321764949,gpa_protective,3,2.771,17,49.0,0.687,0.537,0.779,0.416,0.526,0.643,0.361,0.45,0.776,0.508
198,CSE,0.48107499389728964,0.6812128905591781,balanced,7,2.225,35,95.0,0.601,0.234,0.749,0.308,0.531,0.326,0.763,0.407,0.502,0.344
199,CCE,0.6720127938544189,0.34747580980699533,balanced,4,2.91,25,69.0,0.98,0.624,0.624,0.628,0.578,0.599,0.694,0.445,0.9,0.748
200,CCE,0.7535267175237405,0.29319270338229936,balanced,6,3.471,17,49.0,0.751,0.785,0.98,0.98,0.98,0.849,0.731,0.664,0.614,0.828
201,CSE,0.5894368645003742,0.47626242069437863,gpa_protective,3,2.51,19,51.0,0.514,0.446,0.685,0.423,0.531,0.763,0.98,0.478,0.79,0.399
202,ECE,0.5213164922787215,0.46827539535476015,balanced,4,2.655,20,58.0,0.648,0.585,0.472,0.504,0.728,0.416,0.413,0.649,0.295,0.754
203,CSE,0.738379761047147,0.8151982778880232,major_progress,4,3.692,24,66.0,0.827,0.95,0.692,0.636,0.737,0.861,0.584,0.603,0.72,0.889
204,CCE,0.7318555709016326,0.28052373269368325,balanced,5,3.388,26,72.0,0.703,0.553,0.692,0.918,0.467,0.703,0.848,0.98,0.773,0.809
205,CCE,0.6989103785266392,0.5194027972646713,balanced,4,3.107,21,59.0,0.651,0.69,0.556,0.332,0.737,0.551,0.934,0.543,0.677,0.738
206,CCE,0.7887751050773196,0.38314946473008243,major_progress,6,3.552,29,79.0,0.959,0.98,0.934,0.734,0.98,0.836,0.695,0.561,0.628,0.858
207,CSE,0.5170622078328225,0.6733587723145799,balanced,2,2.769,11,29.0,0.303,0.416,0.953,0.672,0.631,0.662,0.363,0.481,0.392,0.826
208,CSE,0.40465342345268357,0.3722216753021111,balanced,5,2.29,25,71.0,0.677,0.312,0.452,0.827,0.412,0.237,0.439,0.244,0.584,0.473
209,CCE,0.6742780940599793,0.3822329578463653,balanced,5,2.669,24,68.0,0.788,0.583,0.539,0.372,0.818,0.806,0.617,0.891,0.593,0.834
210,CSE,0.7243079597256825,0.7005177221140892,gpa_protective,3,3.449,15,41.0,0.698,0.698,0.901,0.735,0.704,0.978,0.915,0.97,0.705,0.843
211,ECE,0.8240575586829106,0.23053286649315724,balanced,7,3.673,29,81.0,0.98,0.98,0.98,0.758,0.98,0.873,0.598,0.98,0.744,0.702
212,ECE,0.6086543564887071,0.5322314684391634,balanced,6,2.921,31,85.0,0.457,0.766,0.506,0.763,0.487,0.771,0.832,0.638,0.605,0.606
213,CCE,0.43150716967312813,0.617740750583294,balanced,7,2.514,23,63.0,0.326,0.208,0.406,0.442,0.682,0.515,0.382,0.671,0.451,0.587
214,CSE,0.5999775092654601,0.38461908531791683,balanced,4,2.955,22,62.0,0.924,0.718,0.366,0.656,0.364,0.779,0.78,0.574,0.565,0.604
215,CCE,0.5948163808937289,0.5609590776073538,major_progress,6,2.805,22,62.0,0.784,0.562,0.591,0.681,0.279,0.79,0.685,0.643,0.314,0.756
216,CCE,0.3030603999670046,0.7776482267225652,gpa_protective,2,1.639,13,33.0,0.369,0.05,0.398,0.235,0.284,0.075,0.547,0.399,0.492,0.073
217,ECE,0.4567458191983108,0.6300754572679442,balanced,8,2.509,27,75.0,0.571,0.454,0.263,0.578,0.267,0.892,0.531,0.487,0.514,0.685
218,CSE,0.715393768274705,0.17072836897681712,balanced,5,3.261,25,69.0,0.659,0.528,0.878,0.856,0.533,0.772,0.726,0.489,0.591,0.651
219,CCE,0.7978720801559711,0.6163982683597762,balanced,7,3.749,33,95.0,0.669,0.98,0.941,0.98,0.829,0.98,0.781,0.98,0.666,0.834
220,CSE,0.24731771599415675,0.9430866372003905,major_progress,6,2.004,24,68.0,0.44,0.05,0.435,0.158,0.599,0.334,0.563,0.334,0.323,0.207
221,CCE,0.6719650048939207,0.2304517626211083,major_progress,4,3.016,21,57.0,0.542,0.935,0.833,0.682,0.547,0.915,0.599,0.631,0.851,0.7
222,ECE,0.81060070089159,0.4805716734174903,major_progress,2,3.261,10,28.0,0.906,0.648,0.888,0.653,0.98,0.711,0.964,0.903,0.825,0.703
223,CSE,0.8527744222181084,0.6626404203143974,balanced,2,4.0,8,24.0,0.98,0.82,0.816,0.804,0.781,0.646,0.98,0.806,0.914,0.71
224,ECE,0.8932710506713812,0.5245934767678948,gpa_protective,2,3.171,10,28.0,0.98,0.963,0.888,0.947,0.542,0.866,0.889,0.98,0.877,0.98
225,CCE,0.6499961107381181,0.48299639339612865,balanced,8,3.067,29,81.0,0.6,0.581,0.472,0.406,0.657,0.457,0.687,0.98,0.585,0.761
226,CCE,0.7874596515856,0.3639831412568229,balanced,8,3.34,28,82.0,0.98,0.771,0.89,0.98,0.947,0.854,0.779,0.937,0.785,0.631
227,ECE,0.6913386947596319,0.4280447006811079,balanced,3,3.178,17,45.0,0.569,0.686,0.624,0.452,0.736,0.855,0.848,0.55,0.64,0.716
228,CCE,0.5716427532628197,0.3502921458486884,gpa_protective,6,2.86,20,58.0,0.557,0.488,0.435,0.858,0.639,0.56,0.64,0.698,0.9,0.435
229,ECE,0.2798182112441299,0.6085127018093006,gpa_protective,6,1.931,27,75.0,0.11,0.05,0.274,0.292,0.239,0.283,0.228,0.289,0.078,0.215
230,CSE,0.7632468669078262,0.5357170055246651,balanced,6,3.29,20,58.0,0.539,0.903,0.564,0.777,0.782,0.692,0.856,0.98,0.716,0.659
231,ECE,0.629349575026641,0.37469644994838824,balanced,4,2.926,21,57.0,0.762,0.854,0.662,0.698,0.641,0.574,0.47,0.289,0.567,0.782
232,CSE,0.35023788540564843,0.7295906701841477,major_progress,2,1.458,10,26.0,0.069,0.601,0.47,0.268,0.05,0.457,0.084,0.416,0.436,0.378
233,ECE,0.5069704107219165,0.18648882939290864,balanced,7,2.478,26,74.0,0.944,0.342,0.497,0.494,0.416,0.307,0.416,0.545,0.64,0.208
234,CCE,0.4339804619481508,0.5625124990795995,major_progress,7,2.456,21,59.0,0.329,0.309,0.788,0.147,0.652,0.157,0.48,0.059,0.454,0.514
235,CCE,0.38307770119814843,0.46334881822146956,major_progress,7,2.259,29,83.0,0.265,0.456,0.367,0.571,0.6,0.665,0.062,0.372,0.436,0.415
236,CSE,0.7268475336910492,0.7049499057749354,balanced,3,3.117,16,46.0,0.444,0.688,0.604,0.98,0.845,0.739,0.98,0.741,0.847,0.629
237,CCE,0.7569776649813375,0.8206530507026294,balanced,6,3.446,28,76.0,0.923,0.81,0.887,0.679,0.717,0.736,0.711,0.549,0.974,0.784
238,CSE,0.4553401988797035,0.7564705905506394,gpa_protective,7,2.809,31,89.0,0.486,0.291,0.283,0.4,0.701,0.556,0.434,0.572,0.45,0.277
239,ECE,0.8645525950145213,0.3582465851080557,balanced,7,3.659,20,56.0,0.98,0.895,0.536,0.98,0.652,0.98,0.917,0.962,0.896,0.897
240,CCE,0.6199276299790688,0.5118787625427647,gpa_protective,7,3.018,32,92.0,0.535,0.659,0.604,0.518,0.892,0.84,0.676,0.714,0.721,0.657
241,CCE,0.5318118100065526,0.6077729990382392,major_progress,7,2.453,33,95.0,0.33,0.76,0.512,0.401,0.98,0.539,0.368,0.397,0.489,0.585
242,CCE,0.5717107415042753,0.833136558598039,gpa_protective,7,3.356,22,64.0,0.98,0.352,0.533,0.52,0.523,0.659,0.781,0.556,0.568,0.674
243,ECE,0.6144616198299765,0.34492932615141025,gpa_protective,5,2.859,25,69.0,0.557,0.876,0.334,0.795,0.506,0.159,0.601,0.521,0.55,0.855
244,ECE,0.721187138882189,0.48591475124103706,balanced,8,3.226,24,66.0,0.823,0.845,0.689,0.84,0.499,0.484,0.693,0.587,0.601,0.86
245,CSE,0.6064045181830549,0.6749337182502676,balanced,3,2.563,17,49.0,0.764,0.526,0.437,0.537,0.885,0.972,0.587,0.396,0.649,0.51
246,CSE,0.7322239568477028,0.7064808402216366,balanced,5,3.104,25,71.0,0.806,0.952,0.55,0.713,0.909,0.551,0.544,0.489,0.42,0.98
247,CCE,0.4910104828349745,0.4860270414754325,gpa_protective,7,2.737,28,82.0,0.902,0.426,0.452,0.528,0.688,0.716,0.179,0.387,0.12,0.304
248,CCE,0.7531527063473447,0.5771783437716684,major_progress,4,3.668,18,50.0,0.701,0.712,0.958,0.581,0.678,0.784,0.704,0.683,0.316,0.754
249,CSE,0.6330901565495801,0.696952381554319,gpa_protective,8,2.892,37,109.0,0.238,0.781,0.821,0.717,0.35,0.68,0.529,0.558,0.585,0.562
250,CSE,0.5509725827104364,0.30583671994261363,major_progress,8,2.799,27,75.0,0.61,0.637,0.8,0.857,0.668,0.473,0.419,0.651,0.442,0.598
251,CCE,0.7879271854932319,0.42264287042984655,gpa_protective,7,3.628,26,74.0,0.755,0.71,0.772,0.98,0.429,0.686,0.727,0.715,0.902,0.817
252,CSE,0.722710747545088,0.224355343967358,gpa_protective,2,3.067,9,27.0,0.85,0.455,0.63,0.614,0.433,0.686,0.88,0.82,0.98,0.855
253,ECE,0.48264360870292594,0.2716758003496518,major_progress,6,2.581,26,72.0,0.05,0.36,0.278,0.287,0.764,0.559,0.302,0.397,0.388,0.479
254,CCE,0.8884708869604134,0.6643953289654841,gpa_protective,8,3.847,39,109.0,0.98,0.694,0.952,0.8,0.98,0.98,0.98,0.98,0.918,0.98
255,CSE,0.5301859012996619,0.6526722727219344,balanced,8,2.732,33,91.0,0.355,0.738,0.532,0.349,0.268,0.591,0.461,0.511,0.233,0.608
256,CCE,0.6624184100490832,0.5644566493934704,major_progress,7,3.041,33,93.0,0.416,0.429,0.98,0.487,0.601,0.865,0.675,0.832,0.788,0.88
257,ECE,0.7034445477420298,0.5123417329885976,major_progress,8,3.422,29,83.0,0.542,0.764,0.68,0.48,0.925,0.69,0.784,0.965,0.625,0.828
258,CCE,0.5492473357884908,0.6913001969450432,balanced,2,2.744,9,25.0,0.376,0.489,0.765,0.565,0.552,0.98,0.71,0.382,0.578,0.534
259,CSE,0.5811235265295461,0.6381337270427395,balanced,2,2.653,12,32.0,0.549,0.731,0.305,0.685,0.634,0.572,0.453,0.592,0.189,0.653
260,CSE,0.780121301848799,0.2242224814150887,balanced,6,3.526,30,84.0,0.801,0.859,0.801,0.855,0.78,0.98,0.98,0.98,0.666,0.648
261,CSE,0.39768342148208113,0.5595303962484849,gpa_protective,7,2.236,36,100.0,0.05,0.34,0.36,0.393,0.45,0.761,0.234,0.302,0.402,0.302
262,CCE,0.5896942520016752,0.5372214161985315,balanced,5,2.393,26,72.0,0.494,0.478,0.645,0.245,0.922,0.249,0.41,0.122,0.352,0.688
263,CSE,0.7861836808579382,0.6893877343106255,balanced,6,3.364,19,53.0,0.756,0.564,0.98,0.98,0.703,0.851,0.781,0.804,0.793,0.675
264,CCE,0.5218021703000062,0.6846248046251026,gpa_protective,7,3.036,28,84.0,0.427,0.716,0.871,0.834,0.485,0.303,0.306,0.05,0.264,0.724
265,ECE,0.712962492631323,0.4182178718981194,gpa_protective,8,3.337,36,104.0,0.456,0.712,0.677,0.436,0.718,0.897,0.823,0.98,0.656,0.895
266,CCE,0.40259424001899974,0.5844863224348098,gpa_protective,2,2.372,12,32.0,0.678,0.334,0.05,0.603,0.455,0.502,0.512,0.144,0.429,0.724
267,CCE,0.5415823429968194,0.9023027538636494,balanced,4,2.8,22,62.0,0.51,0.666,0.585,0.702,0.662,0.341,0.754,0.594,0.418,0.574
268,ECE,0.17203734922717295,0.5644693641587137,gpa_protective,5,1.737,24,70.0,0.218,0.127,0.05,0.191,0.162,0.155,0.346,0.263,0.466,0.05
269,ECE,0.5740002555376797,0.6364678607118862,balanced,3,2.77,16,44.0,0.434,0.921,0.752,0.671,0.571,0.776,0.566,0.628,0.426,0.467
270,CSE,0.860419354055184,0.25466345818439756,balanced,7,3.317,34,94.0,0.929,0.821,0.96,0.827,0.544,0.886,0.724,0.904,0.669,0.472
271,ECE,0.5727451036478982,0.6823191013946043,balanced,5,2.701,26,74.0,0.98,0.598,0.42,0.438,0.534,0.547,0.476,0.541,0.696,0.56
272,CCE,0.7775539043101494,0.7171591555589372,major_progress,7,3.537,33,91.0,0.496,0.916,0.726,0.883,0.768,0.879,0.739,0.662,0.98,0.98
273,CCE,0.4272284139275221,0.7371931228969174,major_progress,5,2.403,22,62.0,0.654,0.389,0.406,0.607,0.249,0.18,0.405,0.492,0.644,0.426
274,CSE,0.9537550567444213,0.4374183043317549,major_progress,5,3.897,24,68.0,0.822,0.98,0.957,0.98,0.865,0.77,0.847,0.841,0.708,0.98
275,CCE,0.7237411214856359,0.3124114767990484,balanced,3,3.425,16,40.0,0.624,0.546,0.973,0.776,0.818,0.442,0.779,0.98,0.708,0.98
276,CSE,0.5374245482173569,0.33722901251681364,major_progress,8,2.694,30,86.0,0.51,0.616,0.806,0.11,0.601,0.663,0.553,0.533,0.423,0.53
277,CCE,0.6911090489932766,0.5219189105517085,balanced,6,3.272,31,89.0,0.83,0.771,0.432,0.939,0.827,0.762,0.664,0.771,0.748,0.795
278,CCE,0.6216321973113004,0.7645720897222184,balanced,3,3.183,17,47.0,0.31,0.588,0.468,0.776,0.98,0.581,0.752,0.37,0.63,0.687
279,CSE,0.6575623912770229,0.8125217060647398,major_progress,8,3.284,20,58.0,0.838,0.843,0.875,0.721,0.67,0.957,0.827,0.66,0.688,0.619
280,CSE,0.8189538134305834,0.06728564980439188,major_progress,6,3.558,25,71.0,0.736,0.834,0.665,0.893,0.785,0.98,0.97,0.855,0.98,0.77
281,ECE,0.6750898008440281,0.8745676575432901,balanced,7,2.903,35,101.0,0.98,0.677,0.55,0.601,0.424,0.773,0.614,0.822,0.677,0.451
282,ECE,0.6966565604824139,0.7299316600079228,major_progress,3,3.1,16,44.0,0.51,0.826,0.975,0.98,0.221,0.729,0.818,0.633,0.564,0.523
283,CCE,0.8402689889762658,0.6039417798296696,balanced,2,3.235,12,34.0,0.98,0.98,0.644,0.693,0.589,0.755,0.966,0.98,0.637,0.98
284,ECE,0.5047265367561926,0.5299992599913452,gpa_protective,5,2.724,26,74.0,0.436,0.299,0.271,0.431,0.853,0.547,0.529,0.439,0.136,0.703
285,CSE,0.4901486809635987,0.379313316027958,balanced,4,2.829,23,65.0,0.442,0.389,0.602,0.77,0.347,0.617,0.521,0.334,0.276,0.735
286,CCE,0.7137627382357233,0.5885205767241729,gpa_protective,5,3.448,21,61.0,0.844,0.594,0.694,0.526,0.881,0.98,0.585,0.98,0.642,0.738
287,CCE,0.7054093904730641,0.645737211302704,gpa_protective,6,3.385,26,74.0,0.842,0.874,0.626,0.663,0.867,0.717,0.9,0.575,0.705,0.681
288,ECE,0.18013840419191118,0.4406800363840928,gpa_protective,7,1.627,36,100.0,0.708,0.217,0.498,0.086,0.391,0.05,0.052,0.456,0.206,0.111
289,CCE,0.4480084760555985,0.37336842453880015,balanced,6,2.456,25,75.0,0.487,0.586,0.102,0.328,0.454,0.747,0.171,0.98,0.261,0.126
290,ECE,0.4070136805217113,0.14522364355890852,balanced,4,2.296,20,52.0,0.662,0.147,0.448,0.301,0.231,0.478,0.56,0.661,0.523,0.637
291,CSE,0.7471367227826385,0.8035582592525009,balanced,4,3.447,21,59.0,0.98,0.709,0.749,0.93,0.884,0.752,0.548,0.839,0.718,0.68
292,ECE,0.5732598338070212,0.7202911076786318,balanced,3,2.857,16,46.0,0.769,0.713,0.554,0.61,0.814,0.685,0.768,0.785,0.546,0.606
293,ECE,0.9368765851285984,0.8799442393066209,gpa_protective,5,3.911,27,75.0,0.98,0.907,0.98,0.98,0.98,0.848,0.98,0.98,0.98,0.909
294,CCE,0.6947518869124107,0.5051254297399278,major_progress,8,3.086,20,58.0,0.623,0.744,0.956,0.652,0.589,0.718,0.98,0.98,0.81,0.403
295,CSE,0.5808887828261697,0.49969593428830794,balanced,6,2.819,30,84.0,0.668,0.698,0.459,0.606,0.641,0.906,0.397,0.465,0.376,0.598
296,CSE,0.2553468419445207,0.6418696344926146,gpa_protective,4,1.778,21,59.0,0.115,0.165,0.521,0.05,0.132,0.188,0.191,0.092,0.141,0.187
297,CCE,0.8062397821842674,0.6650386460364215,gpa_protective,4,3.702,21,59.0,0.98,0.839,0.634,0.621,0.98,0.75,0.673,0.976,0.922,0.929
298,CCE,0.46343286696196845,0.94284849415042,balanced,6,2.875,28,84.0,0.085,0.256,0.263,0.874,0.647,0.535,0.841,0.384,0.586,0.313
299,ECE,0.4024899435653611,0.5057701285939541,balanced,8,2.086,38,110.0,0.624,0.138,0.343,0.142,0.3,0.295,0.699,0.347,0.443,0.346
300,CCE,0.7247582710976185,0.8043415084469804,balanced,5,2.883,16,46.0,0.666,0.833,0.758,0.528,0.777,0.913,0.762,0.98,0.693,0.321
301,CSE,0.6772456732417501,0.6078350990244639,balanced,6,3.332,29,79.0,0.782,0.878,0.582,0.853,0.354,0.773,0.501,0.672,0.659,0.73
302,CCE,0.66053367931701,0.5386685984181117,gpa_protective,5,3.168,27,73.0,0.697,0.709,0.303,0.25,0.653,0.525,0.691,0.936,0.768,0.846
303,CCE,0.21966441024613106,0.3273684119629896,balanced,7,1.628,26,74.0,0.05,0.312,0.109,0.097,0.245,0.518,0.157,0.142,0.108,0.191
304,CCE,0.26100236819404365,0.22527311653583426,balanced,2,1.944,9,27.0,0.305,0.05,0.194,0.084,0.893,0.235,0.258,0.594,0.331,0.253
305,CCE,0.4619359755732197,0.5543283734572741,balanced,2,2.536,11,33.0,0.736,0.343,0.611,0.561,0.448,0.327,0.433,0.58,0.504,0.551
306,CCE,0.5876563682267412,0.7422446722404865,gpa_protective,3,2.662,17,47.0,0.544,0.648,0.927,0.826,0.552,0.902,0.272,0.509,0.466,0.32
307,CCE,0.816661779156225,0.26798147084699764,gpa_protective,2,3.429,10,28.0,0.714,0.52,0.98,0.949,0.847,0.772,0.924,0.907,0.769,0.443
308,ECE,0.545342011935719,0.721431794085404,balanced,5,2.8,25,69.0,0.516,0.254,0.659,0.47,0.547,0.32,0.729,0.671,0.384,0.77
309,ECE,0.270210695044848,0.4444376026797232,major_progress,8,1.849,35,103.0,0.527,0.263,0.467,0.326,0.47,0.306,0.195,0.28,0.32,0.278
310,CSE,0.6793750059816371,0.48182268707643006,balanced,7,2.81,37,103.0,0.776,0.554,0.861,0.331,0.649,0.607,0.756,0.755,0.745,0.459
311,CSE,0.9014915696451987,0.3985536959293284,major_progress,6,3.836,16,44.0,0.98,0.98,0.974,0.98,0.98,0.98,0.98,0.98,0.805,0.894
312,ECE,0.5678386110981959,0.42209529681820274,major_progress,6,2.449,23,65.0,0.74,0.394,0.882,0.512,0.615,0.655,0.195,0.501,0.403,0.601
313,CCE,0.6037230712596731,0.5520503863174462,balanced,6,3.127,27,77.0,0.892,0.722,0.781,0.814,0.827,0.544,0.832,0.613,0.779,0.369
314,CCE,0.480115461134823,0.8244323484489389,gpa_protective,5,2.479,28,82.0,0.206,0.596,0.191,0.333,0.712,0.619,0.627,0.806,0.59,0.644
315,CCE,0.6244643077828936,0.7125474124363735,major_progress,2,2.876,12,34.0,0.425,0.637,0.736,0.802,0.486,0.752,0.629,0.874,0.691,0.913
316,CCE,0.57178272105766,0.40338240798338615,gpa_protective,2,2.455,11,33.0,0.488,0.581,0.918,0.817,0.453,0.442,0.349,0.753,0.754,0.495
317,CSE,0.7656668714197558,0.5000361733395129,balanced,4,3.541,21,61.0,0.557,0.619,0.807,0.743,0.606,0.667,0.577,0.768,0.536,0.978
318,CCE,0.5182973520315781,0.32241759274485693,balanced,2,2.334,11,29.0,0.862,0.536,0.603,0.232,0.269,0.713,0.548,0.271,0.351,0.63
319,CCE,0.6712685375836752,0.45428434456951194,balanced,3,3.255,11,31.0,0.543,0.497,0.671,0.733,0.668,0.947,0.517,0.387,0.882,0.628
320,ECE,0.8110269569139773,0.7360420846912132,balanced,3,3.365,15,43.0,0.98,0.98,0.98,0.689,0.833,0.686,0.4,0.98,0.672,0.824
321,CCE,0.8490314049306065,0.38983085597418027,balanced,4,3.665,10,26.0,0.437,0.938,0.599,0.857,0.98,0.721,0.98,0.98,0.852,0.98
322,ECE,0.44223122448769786,0.3620708450607376,balanced,4,2.485,21,59.0,0.351,0.297,0.525,0.547,0.647,0.236,0.224,0.615,0.376,0.382
323,CCE,0.4990272953197757,0.5546870306278984,gpa_protective,8,3.192,19,53.0,0.762,0.666,0.837,0.459,0.526,0.308,0.542,0.21,0.49,0.725
324,CSE,0.5318429250336038,0.7371594372542903,gpa_protective,8,2.552,34,96.0,0.333,0.583,0.443,0.827,0.349,0.777,0.514,0.696,0.715,0.063
325,ECE,0.6436565725126087,0.7437350852953556,gpa_protective,5,3.2,23,69.0,0.525,0.662,0.846,0.48,0.802,0.947,0.817,0.812,0.358,0.753
326,ECE,0.8329920580061567,0.6003893650776151,balanced,3,3.373,15,41.0,0.941,0.439,0.551,0.878,0.876,0.69,0.964,0.885,0.98,0.969
327,CSE,0.7754057708785724,0.535157242203247,balanced,2,3.431,11,29.0,0.813,0.259,0.479,0.98,0.965,0.812,0.749,0.806,0.424,0.719
328,ECE,0.5900092711883482,0.8004474085043412,balanced,5,3.008,23,63.0,0.593,0.752,0.59,0.722,0.763,0.958,0.461,0.611,0.895,0.501
329,CSE,0.3463853217776529,0.4896173556983907,balanced,3,1.795,15,43.0,0.35,0.408,0.312,0.294,0.31,0.634,0.409,0.361,0.238,0.116
330,ECE,0.4413185232760282,0.6207130889449869,balanced,5,1.972,28,78.0,0.154,0.476,0.564,0.46,0.392,0.619,0.151,0.31,0.391,0.379
331,CSE,0.8725054279557972,0.6999768548171142,major_progress,2,3.343,10,28.0,0.98,0.875,0.98,0.654,0.513,0.868,0.957,0.592,0.827,0.909
332,ECE,0.5673640629910188,0.5907165036926618,gpa_protective,6,2.682,23,61.0,0.98,0.478,0.472,0.62,0.55,0.572,0.249,0.653,0.674,0.367
333,ECE,0.9113051568240931,0.7041042475640413,gpa_protective,4,3.785,22,60.0,0.954,0.792,0.98,0.98,0.947,0.98,0.699,0.689,0.844,0.833
334,ECE,0.8525503769771657,0.6039097559335179,balanced,7,4.0,23,67.0,0.98,0.98,0.98,0.974,0.798,0.98,0.877,0.98,0.931,0.925
335,ECE,0.23825688070886394,0.5204304058465369,major_progress,5,1.745,23,65.0,0.462,0.133,0.21,0.122,0.05,0.487,0.492,0.05,0.141,0.196
336,CCE,0.37945152523457704,0.29069496068865297,gpa_protective,2,1.734,11,29.0,0.532,0.396,0.279,0.224,0.578,0.05,0.05,0.434,0.463,0.335
337,ECE,0.8185545851822845,0.45988755923656255,balanced,6,3.597,27,73.0,0.815,0.98,0.689,0.98,0.98,0.767,0.98,0.72,0.88,0.761
338,CSE,0.5753454285215561,0.6250626659738475,balanced,6,2.943,33,91.0,0.385,0.624,0.447,0.901,0.789,0.666,0.49,0.809,0.642,0.542
339,CSE,0.8155532674141613,0.3804612577951062,balanced,6,3.569,14,36.0,0.98,0.956,0.946,0.98,0.771,0.755,0.658,0.737,0.832,0.815
340,CCE,0.5706931107366304,0.3506791011580225,balanced,5,2.893,24,68.0,0.453,0.412,0.858,0.626,0.98,0.577,0.63,0.806,0.408,0.453
341,ECE,0.6920425987605202,0.6244466433937205,balanced,5,2.597,23,65.0,0.901,0.648,0.642,0.594,0.321,0.78,0.98,0.91,0.507,0.515
342,CCE,0.7412796018843246,0.47900522181124006,gpa_protective,2,3.338,10,26.0,0.512,0.833,0.754,0.98,0.898,0.563,0.734,0.72,0.759,0.505
343,CCE,0.7553790942868365,0.5970822044153733,balanced,8,3.468,33,95.0,0.718,0.894,0.76,0.973,0.724,0.956,0.953,0.98,0.632,0.859
344,ECE,0.7531448349226797,0.5959959032888152,major_progress,7,3.406,30,86.0,0.84,0.685,0.772,0.873,0.645,0.722,0.615,0.403,0.98,0.676
345,ECE,0.6914506580253176,0.6602546298100579,gpa_protective,7,3.04,36,100.0,0.763,0.576,0.818,0.552,0.251,0.63,0.562,0.98,0.524,0.62
346,ECE,0.5858385133867395,0.2864432522805502,gpa_protective,7,2.737,37,105.0,0.569,0.395,0.565,0.43,0.385,0.864,0.339,0.736,0.455,0.702
347,CCE,0.7781832289681683,0.30421204048082673,balanced,3,3.569,17,45.0,0.98,0.896,0.675,0.98,0.98,0.522,0.98,0.98,0.916,0.678
348,ECE,0.387814929682631,0.8291670352610201,balanced,8,2.365,21,57.0,0.65,0.556,0.273,0.299,0.424,0.17,0.762,0.633,0.704,0.376
349,ECE,0.39122008364820954,0.6411891795236226,gpa_protective,2,2.677,11,31.0,0.564,0.286,0.237,0.404,0.511,0.187,0.651,0.179,0.327,0.501
350,CCE,0.34100900938282735,0.3302280510836212,balanced,6,1.951,28,80.0,0.793,0.434,0.089,0.167,0.931,0.394,0.278,0.439,0.259,0.501
351,ECE,0.41660981214434123,0.33738858351299494,balanced,5,2.237,26,72.0,0.46,0.293,0.218,0.325,0.408,0.262,0.952,0.621,0.529,0.576
352,CCE,0.7302574141158509,0.34884739433712614,gpa_protective,6,3.296,25,73.0,0.66,0.698,0.58,0.417,0.582,0.493,0.407,0.887,0.77,0.878
353,CSE,0.3674476096132458,0.37457460431875506,balanced,3,2.116,18,50.0,0.304,0.723,0.378,0.714,0.273,0.713,0.577,0.495,0.56,0.35
354,CSE,0.6477433715807092,0.4950581969037879,balanced,6,2.9,24,66.0,0.553,0.863,0.604,0.869,0.877,0.929,0.533,0.639,0.832,0.569
355,CSE,0.8103788010854728,0.474684472032177,balanced,5,3.765,17,51.0,0.942,0.928,0.888,0.74,0.593,0.886,0.98,0.674,0.777,0.725
356,CCE,0.6456428579494754,0.46622597221015266,major_progress,2,2.842,11,31.0,0.911,0.744,0.463,0.708,0.665,0.658,0.452,0.98,0.653,0.828
357,ECE,0.5929311829225122,0.5455413066282356,balanced,6,2.891,29,81.0,0.674,0.552,0.58,0.684,0.722,0.6,0.393,0.366,0.433,0.583
358,ECE,0.7234065466104855,0.44299487350414024,gpa_protective,2,3.043,10,28.0,0.918,0.98,0.699,0.571,0.707,0.95,0.93,0.725,0.746,0.668
359,ECE,0.42136810985191686,0.29384436930060975,balanced,2,2.146,10,28.0,0.516,0.315,0.05,0.194,0.346,0.05,0.663,0.27,0.289,0.311
360,CCE,0.7026130847298027,0.6300924748504229,gpa_protective,3,3.62,17,45.0,0.823,0.559,0.746,0.98,0.828,0.678,0.726,0.745,0.595,0.578
361,CCE,0.7748051576651253,0.30302532157628387,balanced,2,3.193,10,28.0,0.91,0.954,0.534,0.98,0.941,0.51,0.706,0.702,0.58,0.568
362,CSE,0.6867454518622735,0.37851368371952615,major_progress,3,3.205,15,43.0,0.566,0.576,0.657,0.825,0.849,0.918,0.565,0.944,0.648,0.836
363,CCE,0.5853535669674952,0.4692768763366704,gpa_protective,4,3.155,22,60.0,0.733,0.876,0.809,0.83,0.812,0.486,0.619,0.444,0.678,0.701
364,CSE,0.6342857352128479,0.6715081733217623,gpa_protective,7,3.006,29,81.0,0.404,0.839,0.62,0.653,0.446,0.98,0.719,0.784,0.276,0.403
365,CSE,0.3754059251446948,0.43689883697585935,balanced,7,2.419,18,52.0,0.299,0.517,0.181,0.606,0.249,0.101,0.337,0.666,0.151,0.582
366,CSE,0.3204189142796718,0.2735406142617043,balanced,4,1.981,23,63.0,0.582,0.221,0.354,0.374,0.266,0.418,0.416,0.089,0.243,0.551
367,CSE,0.7297062767121724,0.14278017149482555,balanced,6,3.083,30,82.0,0.708,0.725,0.725,0.705,0.699,0.597,0.671,0.769,0.69,0.705
368,CCE,0.49360871507355386,0.40493951253272104,major_progress,6,2.533,18,52.0,0.555,0.598,0.36,0.32,0.49,0.263,0.599,0.464,0.427,0.431
369,CCE,0.6388639479652648,0.6250633147131117,gpa_protective,7,3.398,20,58.0,0.502,0.873,0.599,0.328,0.385,0.951,0.474,0.285,0.54,0.774
370,CCE,0.501277731536119,0.7681176129650638,gpa_protective,8,2.706,27,77.0,0.66,0.395,0.581,0.341,0.451,0.421,0.659,0.411,0.534,0.695
371,CCE,0.5986400975287667,0.3231344980431798,gpa_protective,7,2.81,35,99.0,0.818,0.609,0.454,0.662,0.516,0.758,0.686,0.431,0.706,0.745
372,CSE,0.619390256973735,0.5583715237610405,balanced,4,2.939,21,59.0,0.877,0.484,0.398,0.882,0.659,0.795,0.836,0.642,0.539,0.669
373,CSE,0.521351126592103,0.4321264862642484,balanced,3,2.649,17,43.0,0.407,0.806,0.662,0.219,0.835,0.468,0.489,0.655,0.267,0.594
374,CSE,0.48074213740686894,0.7801009525698384,major_progress,2,2.425,12,32.0,0.512,0.684,0.279,0.453,0.385,0.557,0.793,0.822,0.601,0.528
375,CSE,0.6607624527979624,0.5454952358809748,major_progress,6,2.948,31,87.0,0.462,0.621,0.64,0.713,0.736,0.749,0.582,0.658,0.404,0.666
376,ECE,0.44763594627395675,0.4854301578686004,gpa_protective,6,2.062,23,65.0,0.593,0.05,0.662,0.343,0.517,0.629,0.593,0.36,0.05,0.13
377,CCE,0.45656983836008297,0.17537397170923888,balanced,2,2.57,10,30.0,0.832,0.386,0.743,0.698,0.365,0.832,0.513,0.965,0.42,0.525
378,CSE,0.7350241601070014,0.5809025014682504,balanced,5,3.256,24,62.0,0.539,0.936,0.98,0.836,0.6,0.608,0.938,0.57,0.546,0.98
379,ECE,0.6966689782752695,0.3539784968345745,balanced,5,3.378,26,72.0,0.777,0.98,0.549,0.685,0.511,0.938,0.872,0.696,0.98,0.887
380,CSE,0.7264293932398338,0.5037527581582043,gpa_protective,3,3.417,15,41.0,0.925,0.585,0.723,0.98,0.8,0.98,0.805,0.74,0.845,0.971
381,ECE,0.690713707227939,0.7608871742758373,balanced,3,3.484,16,44.0,0.419,0.98,0.812,0.972,0.616,0.98,0.953,0.902,0.529,0.651
382,ECE,0.5899769454067454,0.6500069152007995,balanced,8,2.849,38,108.0,0.492,0.507,0.391,0.603,0.569,0.77,0.718,0.569,0.5,0.861
383,CSE,0.5308290690652029,0.6768211864451136,major_progress,6,2.622,24,68.0,0.544,0.497,0.417,0.519,0.414,0.51,0.703,0.631,0.501,0.75
384,ECE,0.8011531938122157,0.9445749162200716,gpa_protective,7,3.511,23,63.0,0.808,0.98,0.821,0.609,0.98,0.678,0.877,0.834,0.74,0.78
385,CCE,0.74944257702468,0.7726102602971668,gpa_protective,7,3.553,27,75.0,0.681,0.641,0.693,0.888,0.954,0.833,0.458,0.674,0.811,0.591
386,ECE,0.6746895225587952,0.7275273019373641,balanced,2,3.243,12,30.0,0.698,0.743,0.674,0.808,0.723,0.98,0.407,0.476,0.568,0.955
387,CSE,0.32165099329693586,0.4048860608882753,gpa_protective,3,1.931,13,39.0,0.447,0.064,0.651,0.149,0.292,0.326,0.642,0.197,0.243,0.37
388,CSE,0.6307650868570194,0.5655090949783763,major_progress,3,3.235,14,40.0,0.859,0.605,0.641,0.681,0.381,0.507,0.708,0.501,0.746,0.953
389,ECE,0.6136939218212194,0.5935423011581044,balanced,8,3.447,24,68.0,0.716,0.386,0.559,0.688,0.9,0.96,0.545,0.863,0.624,0.813
390,CCE,0.7165858855702678,0.5833987099031964,major_progress,4,3.154,21,61.0,0.624,0.589,0.884,0.448,0.778,0.98,0.83,0.72,0.562,0.699
391,CCE,0.8722390107017611,0.636522876554807,balanced,3,3.536,17,47.0,0.705,0.98,0.925,0.98,0.98,0.98,0.956,0.361,0.685,0.98
392,ECE,0.37165680150751085,0.2532751684853216,gpa_protective,7,2.187,29,85.0,0.335,0.177,0.456,0.344,0.476,0.076,0.445,0.469,0.15,0.554
393,CSE,0.9358351586688427,0.5765113015279845,gpa_protective,3,3.558,17,45.0,0.94,0.98,0.98,0.98,0.714,0.98,0.98,0.739,0.98,0.98
394,CSE,0.6342927248453831,0.4771490224755521,balanced,7,2.757,27,77.0,0.478,0.602,0.435,0.614,0.526,0.766,0.344,0.889,0.23,0.501
395,CCE,0.5736158381070585,0.4972451987818541,gpa_protective,2,2.582,13,33.0,0.601,0.603,0.587,0.432,0.518,0.383,0.73,0.98,0.377,0.544
396,ECE,0.37732880247798567,0.3076378358943723,gpa_protective,6,2.198,31,83.0,0.29,0.217,0.46,0.32,0.49,0.167,0.174,0.556,0.131,0.574
397,CCE,0.8245264731750107,0.6585760396845529,balanced,3,3.683,15,41.0,0.782,0.549,0.667,0.73,0.862,0.607,0.98,0.496,0.739,0.794
398,ECE,0.3622795949962871,0.9296522082226395,balanced,6,2.19,26,70.0,0.494,0.644,0.25,0.215,0.15,0.429,0.635,0.325,0.58,0.43
399,CCE,0.8692760456594267,0.4447307948139021,gpa_protective,8,4.0,28,80.0,0.98,0.961,0.688,0.763,0.854,0.692,0.753,0.731,0.771,0.98
400,ECE,0.7665784010240952,0.536291692217325,balanced,8,3.536,39,113.0,0.98,0.693,0.848,0.744,0.98,0.423,0.98,0.79,0.482,0.775
401,ECE,0.6794237292462191,0.3096920713852487,gpa_protective,3,2.783,12,36.0,0.898,0.501,0.753,0.146,0.803,0.569,0.883,0.77,0.745,0.782
402,CSE,0.7410904433633518,0.6450067293794123,major_progress,4,3.514,20,56.0,0.966,0.618,0.521,0.749,0.951,0.848,0.97,0.772,0.682,0.98
403,ECE,0.682431354251679,0.14520332305654812,balanced,7,3.082,19,55.0,0.903,0.691,0.683,0.792,0.459,0.618,0.799,0.547,0.782,0.663
404,CSE,0.6180960396910681,0.09635822515440708,balanced,6,2.951,29,81.0,0.303,0.481,0.465,0.621,0.539,0.88,0.919,0.966,0.562,0.633
405,CSE,0.4012444895765963,0.7572057300269589,gpa_protective,2,2.197,11,29.0,0.12,0.41,0.362,0.474,0.262,0.473,0.676,0.414,0.38,0.273
406,CCE,0.16266415373921164,0.7820979027991384,gpa_protective,5,1.686,26,74.0,0.129,0.096,0.05,0.228,0.211,0.072,0.088,0.222,0.14,0.383
407,CSE,0.551277336179939,0.6418380191222027,gpa_protective,4,2.559,22,64.0,0.728,0.783,0.507,0.425,0.483,0.75,0.856,0.391,0.396,0.232
408,CCE,0.749697249399157,0.8605741106279483,major_progress,2,3.184,11,31.0,0.882,0.734,0.706,0.804,0.859,0.696,0.814,0.783,0.725,0.9
409,CCE,0.2551107439757644,0.3191597552560845,balanced,3,1.81,17,49.0,0.293,0.161,0.05,0.236,0.673,0.355,0.506,0.44,0.29,0.379
410,CSE,0.7156460758836899,0.7242340433220358,balanced,3,3.327,13,37.0,0.832,0.684,0.929,0.727,0.98,0.851,0.762,0.737,0.98,0.41
411,CSE,0.7581659894624224,0.4810334956662203,balanced,2,3.0,10,28.0,0.617,0.813,0.507,0.462,0.98,0.98,0.652,0.82,0.726,0.466
412,ECE,0.6503325953456913,0.4193729749420485,gpa_protective,2,3.222,9,27.0,0.789,0.319,0.647,0.98,0.833,0.549,0.791,0.627,0.604,0.477
413,CSE,0.7261711316642683,0.21489894011712302,gpa_protective,3,2.909,15,43.0,0.696,0.729,0.876,0.55,0.714,0.702,0.969,0.601,0.585,0.85
414,ECE,0.9056855015514047,0.6927064739640444,balanced,2,3.7,10,28.0,0.765,0.804,0.6,0.98,0.738,0.98,0.725,0.98,0.642,0.98
415,CCE,0.5403531905038509,0.43035029940048025,balanced,6,2.708,30,86.0,0.769,0.276,0.718,0.463,0.773,0.37,0.593,0.481,0.351,0.373
416,CCE,0.40195801273321646,0.6853083107688931,gpa_protective,3,1.953,17,45.0,0.374,0.407,0.472,0.282,0.331,0.872,0.716,0.296,0.652,0.478
417,ECE,0.5561039737573553,0.7377639191687787,balanced,6,2.441,23,63.0,0.532,0.729,0.98,0.363,0.381,0.6,0.589,0.81,0.656,0.331
418,CCE,0.5680840597488704,0.33984320312714983,balanced,8,2.268,22,62.0,0.29,0.576,0.523,0.668,0.782,0.132,0.465,0.796,0.471,0.344
419,ECE,0.5275360442181353,0.7811358542248769,balanced,7,2.788,33,93.0,0.668,0.485,0.639,0.411,0.62,0.793,0.548,0.482,0.409,0.419
420,CSE,0.47081779712559146,0.5664599012482203,gpa_protective,6,2.413,29,85.0,0.576,0.778,0.705,0.284,0.683,0.214,0.609,0.23,0.429,0.417
421,CCE,0.7917481238611211,0.49942633877115905,balanced,7,3.433,32,90.0,0.861,0.718,0.853,0.645,0.868,0.98,0.641,0.98,0.667,0.959
422,CCE,0.7084599686952608,0.27007739501225153,balanced,5,3.01,27,79.0,0.665,0.713,0.735,0.501,0.606,0.481,0.715,0.718,0.698,0.959
423,CCE,0.3359228569238122,0.4731053513614398,balanced,3,2.402,15,43.0,0.145,0.227,0.05,0.528,0.255,0.506,0.38,0.177,0.284,0.36
424,ECE,0.585056197749586,0.19286272883961056,balanced,7,2.935,20,60.0,0.694,0.545,0.604,0.613,0.731,0.98,0.334,0.71,0.757,0.613
425,CSE,0.5361504025151231,0.5802192878335132,balanced,6,2.737,20,56.0,0.523,0.619,0.33,0.598,0.507,0.277,0.455,0.524,0.39,0.448
426,CCE,0.29124193913922536,0.7889108636521494,gpa_protective,3,1.705,15,43.0,0.266,0.261,0.17,0.258,0.473,0.348,0.226,0.184,0.304,0.354
427,ECE,0.5289823155946611,0.41403636690529405,balanced,4,2.824,18,50.0,0.83,0.814,0.277,0.354,0.702,0.559,0.67,0.607,0.692,0.46
428,CCE,0.6930506264973307,0.22705947827054046,gpa_protective,8,3.505,33,95.0,0.772,0.88,0.824,0.526,0.444,0.338,0.695,0.98,0.687,0.962
429,CCE,0.809668434011636,0.5082011921683609,balanced,2,3.308,10,26.0,0.277,0.67,0.783,0.658,0.954,0.279,0.866,0.98,0.91,0.81
430,ECE,0.27230227386502837,0.6830491047664292,gpa_protective,6,2.017,30,84.0,0.203,0.593,0.131,0.449,0.264,0.344,0.476,0.591,0.465,0.529
431,ECE,0.5216647513160662,0.6661815279978492,balanced,2,2.689,10,28.0,0.348,0.775,0.498,0.558,0.514,0.744,0.832,0.563,0.489,0.56
432,CSE,0.8330420754511728,0.5322198135895712,major_progress,7,3.592,22,62.0,0.835,0.837,0.98,0.82,0.98,0.933,0.98,0.553,0.98,0.977
433,CSE,0.7627376114540938,0.6328526448601999,balanced,5,3.242,23,65.0,0.457,0.861,0.876,0.633,0.758,0.958,0.919,0.806,0.98,0.869
434,CSE,0.8527686795113963,0.6349820203645189,major_progress,5,3.649,26,76.0,0.98,0.941,0.907,0.961,0.694,0.582,0.73,0.931,0.98,0.881
435,CCE,0.4877290950208069,0.7330180877168738,balanced,7,2.801,26,76.0,0.346,0.151,0.493,0.57,0.557,0.403,0.435,0.658,0.619,0.679
436,CCE,0.21339058272854564,0.6737483637573579,balanced,6,2.153,21,59.0,0.144,0.468,0.139,0.05,0.328,0.276,0.05,0.05,0.229,0.304
437,CCE,0.6796716586362973,0.2039927854048087,balanced,2,3.059,12,32.0,0.737,0.368,0.441,0.848,0.785,0.697,0.423,0.568,0.672,0.531
438,CSE,0.59047743782511,0.18844161725530836,balanced,4,2.817,21,59.0,0.557,0.494,0.679,0.926,0.865,0.594,0.151,0.811,0.71,0.668
439,CSE,0.24849037367524157,0.3961631384947191,balanced,5,1.949,24,70.0,0.286,0.429,0.357,0.432,0.227,0.436,0.578,0.45,0.245,0.319
440,CCE,0.7644455839108681,0.4722728933067337,major_progress,3,3.351,17,47.0,0.978,0.525,0.92,0.98,0.737,0.398,0.98,0.903,0.815,0.624
441,ECE,0.8017914879776983,0.3577915994592716,balanced,4,3.559,24,64.0,0.778,0.815,0.825,0.927,0.634,0.854,0.547,0.98,0.678,0.806
442,CSE,0.7264271547784128,0.16789581253263608,balanced,8,3.174,18,50.0,0.709,0.828,0.855,0.791,0.509,0.846,0.917,0.662,0.944,0.628
443,ECE,0.5254283234442959,0.4224868057113046,gpa_protective,7,2.435,34,98.0,0.533,0.561,0.725,0.471,0.902,0.475,0.471,0.294,0.544,0.646
444,CSE,0.9748318675070792,0.8265719588643187,balanced,2,3.829,10,28.0,0.98,0.854,0.955,0.98,0.98,0.98,0.69,0.98,0.98,0.98
445,CCE,0.6284342983128649,0.24948537812816649,gpa_protective,6,2.908,31,85.0,0.441,0.486,0.812,0.726,0.504,0.693,0.98,0.532,0.799,0.838
446,ECE,0.5549331746926347,0.7104007205558397,balanced,8,2.706,18,50.0,0.205,0.382,0.804,0.697,0.574,0.745,0.399,0.582,0.693,0.52
447,CSE,0.6749232228843922,0.49420300782183235,gpa_protective,8,3.31,21,61.0,0.846,0.681,0.596,0.98,0.535,0.702,0.603,0.378,0.98,0.569
448,CCE,0.193222202435121,0.686503027326868,balanced,5,1.448,25,73.0,0.148,0.05,0.169,0.099,0.522,0.05,0.101,0.229,0.196,0.213
449,CSE,0.6771793415690799,0.5662398540832775,balanced,4,3.178,20,54.0,0.973,0.911,0.525,0.709,0.739,0.469,0.971,0.74,0.627,0.31
450,CSE,0.32206493584435936,0.24740706466071044,balanced,4,2.008,22,60.0,0.197,0.05,0.403,0.498,0.274,0.373,0.368,0.25,0.466,0.248
451,CCE,0.7879033346838221,0.4846350891539374,balanced,7,3.372,36,100.0,0.466,0.776,0.668,0.781,0.742,0.655,0.728,0.98,0.782,0.83
452,ECE,0.62928073903958,0.4895551174674625,gpa_protective,5,2.747,26,74.0,0.861,0.949,0.45,0.498,0.528,0.648,0.573,0.636,0.711,0.596
453,CCE,0.721914819998333,0.40390746674214734,gpa_protective,7,3.368,23,65.0,0.746,0.734,0.657,0.586,0.862,0.708,0.762,0.667,0.734,0.891
454,CSE,0.7252306859789057,0.3210110408537411,major_progress,7,3.278,26,74.0,0.738,0.776,0.815,0.885,0.809,0.788,0.98,0.747,0.967,0.721
455,CSE,0.7862652519951727,0.7735740158228788,balanced,5,3.463,24,68.0,0.729,0.683,0.911,0.916,0.724,0.834,0.555,0.723,0.737,0.676
456,ECE,0.8505140039176259,0.6663734447729005,gpa_protective,8,3.715,26,74.0,0.733,0.727,0.874,0.74,0.98,0.98,0.98,0.908,0.88,0.72
457,CCE,0.7812283469418153,0.46636012905124613,balanced,4,3.439,22,64.0,0.943,0.887,0.8,0.98,0.634,0.582,0.98,0.628,0.721,0.92
458,ECE,0.7303477547158836,0.5030438606104285,balanced,6,2.981,24,68.0,0.387,0.406,0.762,0.737,0.685,0.593,0.67,0.913,0.682,0.781
459,CCE,0.5557966939381771,0.05,balanced,6,2.801,28,80.0,0.915,0.436,0.383,0.382,0.488,0.261,0.481,0.471,0.484,0.596
460,ECE,0.6238494070883632,0.6658919459635461,balanced,7,3.076,28,76.0,0.626,0.56,0.69,0.98,0.724,0.516,0.645,0.791,0.52,0.586
461,CSE,0.685755325660362,0.5969298239728862,gpa_protective,2,3.511,9,27.0,0.808,0.937,0.887,0.408,0.696,0.864,0.552,0.504,0.653,0.696
462,CCE,0.4145517967490982,0.7918940965710137,gpa_protective,5,2.337,24,70.0,0.489,0.05,0.539,0.37,0.389,0.259,0.465,0.643,0.353,0.406
463,CCE,0.7024067753982431,0.5531437352873957,balanced,6,3.28,31,85.0,0.98,0.579,0.931,0.798,0.647,0.703,0.576,0.855,0.98,0.703
464,CSE,0.7741595790655942,0.572109453170652,gpa_protective,2,3.091,12,32.0,0.886,0.647,0.737,0.98,0.857,0.493,0.739,0.662,0.407,0.828
465,ECE,0.24475056214796184,0.7272485471588798,major_progress,7,2.055,36,100.0,0.05,0.28,0.257,0.311,0.541,0.221,0.578,0.499,0.279,0.255
466,CCE,0.39055956624750127,0.20411662891534355,major_progress,4,2.146,23,63.0,0.424,0.212,0.43,0.679,0.549,0.313,0.301,0.799,0.359,0.277
467,CCE,0.8088855932519455,0.5802959364016117,balanced,5,3.779,23,67.0,0.98,0.953,0.833,0.98,0.915,0.97,0.87,0.663,0.98,0.98
468,CSE,0.5421116472019993,0.4821997424869441,gpa_protective,2,2.508,10,26.0,0.789,0.445,0.41,0.671,0.24,0.593,0.505,0.45,0.418,0.665
469,CSE,0.4450667056547638,0.3408189354814097,balanced,7,2.212,29,81.0,0.692,0.475,0.173,0.687,0.411,0.747,0.693,0.333,0.512,0.231
470,ECE,0.3503548093424178,0.6243459667750537,balanced,8,1.961,38,104.0,0.662,0.364,0.05,0.261,0.555,0.277,0.285,0.432,0.543,0.497
471,ECE,0.7220324171172502,0.6369977992934663,balanced,6,3.623,27,77.0,0.706,0.573,0.98,0.922,0.67,0.612,0.696,0.98,0.754,0.89
472,CCE,0.6275619321446393,0.3273504334138273,gpa_protective,4,2.967,21,57.0,0.741,0.755,0.533,0.732,0.581,0.623,0.975,0.694,0.63,0.664
473,ECE,0.6674211660799718,0.4585345102188981,major_progress,5,2.878,26,72.0,0.628,0.69,0.741,0.826,0.678,0.207,0.544,0.83,0.602,0.658
474,CSE,0.4695388552968522,0.42036420103683164,major_progress,6,2.634,31,85.0,0.764,0.596,0.541,0.729,0.491,0.498,0.801,0.559,0.616,0.268
475,CCE,0.6086589312992693,0.6783925048654851,gpa_protective,3,2.789,16,46.0,0.583,0.782,0.552,0.448,0.567,0.344,0.953,0.98,0.597,0.631
476,CSE,0.5381295959874002,0.6965371182488139,balanced,4,2.894,20,50.0,0.764,0.952,0.756,0.653,0.433,0.495,0.612,0.495,0.452,0.393
477,CCE,0.44747226342881674,0.47751058270492036,gpa_protective,7,2.384,31,89.0,0.466,0.633,0.613,0.429,0.593,0.938,0.545,0.734,0.43,0.461
478,CCE,0.5568390721539389,0.6206703618736226,gpa_protective,5,3.306,22,62.0,0.978,0.842,0.508,0.801,0.748,0.449,0.561,0.794,0.347,0.859
479,CCE,0.5433856046599539,0.3023182242253941,gpa_protective,7,2.432,37,101.0,0.828,0.629,0.585,0.415,0.464,0.474,0.695,0.794,0.631,0.516
480,ECE,0.6529860101173256,0.5024975929175166,balanced,2,2.92,10,30.0,0.658,0.929,0.76,0.69,0.529,0.508,0.83,0.493,0.658,0.462
481,ECE,0.6821981100384371,0.6029900547893908,balanced,6,3.036,26,76.0,0.614,0.611,0.519,0.465,0.815,0.485,0.879,0.609,0.631,0.502
482,CSE,0.5288603364313507,0.684118907885317,gpa_protective,4,2.829,22,62.0,0.62,0.649,0.779,0.778,0.943,0.658,0.463,0.43,0.58,0.576
483,ECE,0.8102556735931329,0.6929558446325064,major_progress,5,3.782,18,50.0,0.695,0.798,0.631,0.853,0.98,0.888,0.98,0.98,0.883,0.885
484,CCE,0.5962624427636501,0.7489632687077592,major_progress,6,2.976,18,50.0,0.628,0.443,0.552,0.63,0.264,0.877,0.577,0.739,0.495,0.667
485,CSE,0.8243373760288542,0.5565425027012412,balanced,4,3.406,22,62.0,0.729,0.949,0.75,0.98,0.864,0.98,0.98,0.541,0.819,0.81
486,CSE,0.523812156426291,0.1732577448469677,balanced,7,2.695,14,38.0,0.072,0.303,0.581,0.311,0.472,0.361,0.825,0.572,0.447,0.655
487,ECE,0.7174265612910864,0.3509544353828939,major_progress,2,3.246,10,28.0,0.637,0.437,0.966,0.925,0.726,0.854,0.862,0.605,0.608,0.578
488,CSE,0.7616631408165146,0.7006580532598522,gpa_protective,2,3.367,9,27.0,0.562,0.98,0.729,0.897,0.863,0.98,0.832,0.554,0.864,0.658
489,CCE,0.5656875545056165,0.33131923234153615,balanced,2,2.579,10,28.0,0.333,0.769,0.601,0.98,0.394,0.359,0.75,0.611,0.405,0.724
490,ECE,0.5158629552718935,0.794934579282523,gpa_protective,6,2.591,22,66.0,0.506,0.387,0.564,0.431,0.581,0.471,0.603,0.653,0.361,0.363
491,CSE,0.548838233381338,0.7241067489771826,balanced,7,2.438,30,88.0,0.188,0.446,0.572,0.431,0.417,0.629,0.299,0.833,0.742,0.47
492,CSE,0.3922948656257424,0.27574954355692827,major_progress,6,2.231,21,61.0,0.495,0.348,0.373,0.615,0.278,0.624,0.119,0.547,0.143,0.501
493,CSE,0.5644379689870512,0.44662425929702065,gpa_protective,4,2.711,19,57.0,0.939,0.565,0.602,0.761,0.875,0.576,0.366,0.304,0.574,0.523
494,ECE,0.6111710528570818,0.5692366455017693,gpa_protective,4,2.725,19,53.0,0.686,0.443,0.402,0.69,0.284,0.435,0.655,0.98,0.553,0.719
495,CCE,0.6664748118728454,0.5870531505215277,balanced,3,3.016,13,37.0,0.493,0.432,0.732,0.63,0.781,0.919,0.644,0.446,0.949,0.656
496,CSE,0.4293395568523814,0.5958534962726011,major_progress,2,1.938,12,32.0,0.874,0.407,0.217,0.339,0.782,0.561,0.188,0.306,0.481,0.663
497,CCE,0.8864055584623811,0.2868039802102995,gpa_protective,8,3.728,40,112.0,0.65,0.937,0.759,0.766,0.98,0.979,0.98,0.897,0.302,0.809
498,ECE,0.44174135621557925,0.5194185001875136,balanced,7,2.581,20,58.0,0.466,0.75,0.568,0.317,0.423,0.407,0.472,0.54,0.526,0.394
499,CCE,0.576846432311894,0.2838376284750869,balanced,4,2.478,23,63.0,0.6,0.671,0.496,0.688,0.462,0.824,0.647,0.349,0.583,0.643
500,CCE,0.5882338315909408,0.23161241409036323,balanced,2,2.41,11,31.0,0.553,0.426,0.732,0.535,0.438,0.824,0.448,0.362,0.789,0.473
501,ECE,0.6529884515551462,0.5780835540239576,gpa_protective,6,3.265,28,82.0,0.785,0.765,0.758,0.344,0.843,0.903,0.626,0.819,0.713,0.829
502,CSE,0.4304269286019879,0.19444880149545551,balanced,3,1.978,16,46.0,0.641,0.543,0.313,0.578,0.363,0.574,0.662,0.445,0.651,0.244
503,CSE,0.9088687208070643,0.4878916780362381,balanced,4,3.746,21,57.0,0.677,0.98,0.824,0.98,0.519,0.883,0.895,0.969,0.979,0.98
504,CCE,0.4110098317484299,0.15553482103478644,balanced,4,2.083,20,58.0,0.585,0.533,0.41,0.05,0.246,0.336,0.706,0.655,0.294,0.861
505,ECE,0.5142775869727186,0.5377369238294011,balanced,3,2.006,17,49.0,0.507,0.535,0.591,0.283,0.282,0.95,0.431,0.578,0.473,0.549
506,CSE,0.8259906582237317,0.3352520604229144,gpa_protective,4,3.52,17,49.0,0.929,0.617,0.98,0.98,0.683,0.636,0.916,0.647,0.922,0.618
507,CCE,0.8129271711815562,0.6614287917951412,major_progress,8,3.889,20,56.0,0.98,0.766,0.738,0.84,0.892,0.98,0.794,0.897,0.595,0.82
508,ECE,0.6115589516541863,0.6849050238732575,balanced,6,2.771,29,83.0,0.574,0.782,0.9,0.577,0.646,0.64,0.656,0.278,0.357,0.329
509,CSE,0.687962923423546,0.36761095928248605,major_progress,2,2.442,11,31.0,0.563,0.746,0.671,0.436,0.673,0.703,0.692,0.752,0.64,0.666
510,CCE,0.8247974583696221,0.3813776568565891,gpa_protective,8,3.586,30,84.0,0.852,0.808,0.603,0.484,0.98,0.82,0.942,0.86,0.787,0.767
511,CSE,0.8435945264113607,0.8696240197533507,balanced,5,3.923,14,40.0,0.567,0.848,0.98,0.98,0.772,0.937,0.634,0.729,0.98,0.874
512,CSE,0.6396547264423831,0.6537238027177306,gpa_protective,2,2.743,10,28.0,0.745,0.71,0.683,0.75,0.42,0.76,0.855,0.482,0.52,0.497
513,CSE,0.7106697905214139,0.6102034252639905,balanced,8,3.348,33,93.0,0.806,0.731,0.699,0.98,0.617,0.497,0.715,0.968,0.44,0.802
514,CCE,0.9065776916192275,0.26669681816272495,gpa_protective,8,3.87,36,102.0,0.743,0.673,0.849,0.825,0.82,0.98,0.98,0.616,0.98,0.98
515,ECE,0.32379854911340833,0.44777575649515505,balanced,8,2.032,25,71.0,0.53,0.534,0.236,0.425,0.23,0.224,0.472,0.423,0.41,0.427
516,CSE,0.7451910947799176,0.6503950502227906,gpa_protective,6,3.208,32,86.0,0.931,0.915,0.98,0.544,0.767,0.608,0.369,0.774,0.587,0.955
517,CSE,0.5888236469824037,0.5142686276881395,balanced,3,3.157,14,42.0,0.709,0.785,0.491,0.634,0.638,0.417,0.645,0.412,0.497,0.785
518,CCE,0.7239459364451132,0.14544823603848778,major_progress,4,3.204,20,56.0,0.508,0.874,0.796,0.778,0.554,0.878,0.827,0.8,0.77,0.56
519,CSE,0.6968503155928433,0.5609466746114897,balanced,8,3.258,38,104.0,0.795,0.618,0.817,0.98,0.812,0.728,0.716,0.831,0.665,0.591
520,CCE,0.7262293314682416,0.7387009612893454,gpa_protective,4,3.139,22,62.0,0.684,0.453,0.595,0.915,0.877,0.151,0.5,0.98,0.615,0.848
521,CCE,0.4112050934974054,0.504027173772028,gpa_protective,5,2.321,24,72.0,0.482,0.273,0.326,0.305,0.593,0.14,0.368,0.607,0.785,0.377
522,CSE,0.6157617613692946,0.4164233423471059,gpa_protective,5,2.739,26,72.0,0.777,0.743,0.585,0.647,0.638,0.432,0.387,0.798,0.657,0.498
523,CSE,0.8440667318246885,0.5752770905769217,major_progress,3,3.631,17,45.0,0.527,0.801,0.965,0.98,0.928,0.718,0.767,0.622,0.98,0.931
524,ECE,0.689866397627125,0.5574545664976274,gpa_protective,7,3.144,35,97.0,0.785,0.894,0.653,0.802,0.651,0.453,0.98,0.765,0.707,0.592
525,CSE,0.6371416216795243,0.6400931114945403,balanced,6,3.189,28,76.0,0.745,0.744,0.785,0.901,0.605,0.675,0.651,0.598,0.71,0.596
526,CCE,0.2862679552971211,0.5652015662805132,balanced,8,2.145,35,97.0,0.599,0.483,0.182,0.437,0.367,0.353,0.1,0.387,0.416,0.301
527,CSE,0.31130162049847526,0.645959385888175,balanced,8,1.55,35,101.0,0.301,0.05,0.63,0.05,0.05,0.358,0.181,0.188,0.448,0.254
528,CSE,0.5816445643298539,0.4582897132974348,major_progress,6,3.317,28,76.0,0.814,0.358,0.396,0.277,0.905,0.98,0.651,0.544,0.525,0.872
529,CSE,0.8937729092446153,0.2793801416192226,major_progress,8,3.77,26,74.0,0.98,0.98,0.98,0.98,0.948,0.98,0.789,0.977,0.671,0.624
530,CSE,0.5602121706142266,0.6262182432489596,major_progress,2,2.634,12,32.0,0.38,0.523,0.843,0.368,0.432,0.364,0.584,0.429,0.575,0.692
531,ECE,0.7712611215761752,0.42899540114886836,balanced,7,3.259,35,99.0,0.399,0.98,0.534,0.537,0.777,0.539,0.98,0.745,0.667,0.864
532,CSE,0.7222172117793665,0.4529453788119733,balanced,5,3.492,18,52.0,0.656,0.98,0.703,0.86,0.812,0.98,0.731,0.598,0.581,0.799
533,CSE,0.7499280078471274,0.34281028459457846,balanced,7,3.165,25,71.0,0.597,0.941,0.64,0.709,0.609,0.521,0.919,0.968,0.586,0.566
534,CSE,0.6643783371692843,0.7266115632721439,balanced,4,3.318,20,56.0,0.713,0.906,0.688,0.844,0.436,0.567,0.759,0.897,0.601,0.575
535,CCE,0.5107616791487879,0.38465667816132965,major_progress,8,2.817,35,99.0,0.662,0.357,0.278,0.415,0.675,0.661,0.581,0.279,0.455,0.607
536,ECE,0.5200219783802308,0.2456818908926995,gpa_protective,8,2.472,32,88.0,0.867,0.98,0.567,0.483,0.72,0.461,0.268,0.584,0.274,0.494
537,ECE,0.6130929432119373,0.7382563830753792,gpa_protective,4,3.081,19,53.0,0.652,0.502,0.476,0.854,0.782,0.216,0.667,0.84,0.735,0.809
538,CSE,0.5611883222694904,0.5333663429883974,balanced,4,2.655,22,62.0,0.565,0.498,0.443,0.758,0.374,0.389,0.546,0.707,0.756,0.467
539,CSE,0.2997568700400613,0.2317613196335379,balanced,3,2.005,14,40.0,0.351,0.391,0.258,0.581,0.102,0.128,0.489,0.05,0.407,0.388
540,CSE,0.6344428458283398,0.21060056614338102,balanced,7,2.874,35,97.0,0.775,0.664,0.418,0.281,0.628,0.342,0.553,0.425,0.666,0.487
541,CSE,0.6492767130429048,0.7987122762182858,balanced,3,2.955,17,47.0,0.505,0.654,0.632,0.704,0.704,0.718,0.219,0.775,0.565,0.615
542,CCE,0.31817629890545185,0.5193462195526368,balanced,3,1.472,17,47.0,0.98,0.375,0.456,0.489,0.085,0.05,0.429,0.141,0.265,0.207
543,CCE,0.6306197798193035,0.15501883649103618,balanced,8,2.952,32,88.0,0.92,0.781,0.557,0.885,0.98,0.673,0.812,0.783,0.558,0.46
544,CSE,0.47403831045071665,0.45239491858031095,major_progress,3,2.26,15,45.0,0.417,0.296,0.501,0.554,0.175,0.791,0.594,0.362,0.527,0.39
545,ECE,0.47390322096489274,0.5792817407128176,balanced,2,2.594,11,31.0,0.695,0.459,0.352,0.527,0.637,0.316,0.621,0.628,0.638,0.477
546,CCE,0.4738739394025688,0.6969627691928585,gpa_protective,5,2.493,24,68.0,0.376,0.514,0.516,0.411,0.512,0.513,0.577,0.383,0.53,0.448
547,CCE,0.48390542578891993,0.2699281520694217,balanced,7,2.298,36,100.0,0.348,0.307,0.424,0.371,0.98,0.509,0.587,0.565,0.494,0.299
548,ECE,0.8331211046327828,0.1483596779572226,gpa_protective,2,3.665,10,26.0,0.951,0.98,0.98,0.901,0.784,0.875,0.899,0.98,0.76,0.731
549,ECE,0.6725954718791965,0.5529245848846003,balanced,4,2.624,22,62.0,0.861,0.488,0.425,0.51,0.98,0.417,0.459,0.366,0.723,0.638
550,CSE,0.545164302160258,0.7169234015160262,balanced,3,2.559,15,41.0,0.812,0.539,0.416,0.595,0.344,0.708,0.583,0.597,0.585,0.155
551,ECE,0.34850326670801174,0.41609182472723427,balanced,8,1.676,25,71.0,0.273,0.34,0.05,0.225,0.257,0.432,0.333,0.319,0.145,0.052
552,CSE,0.6144964652149014,0.380806773808423,gpa_protective,8,2.736,34,94.0,0.569,0.587,0.761,0.285,0.643,0.713,0.569,0.684,0.693,0.492
553,CSE,0.2571286682705097,0.6761834457861524,balanced,2,1.72,9,25.0,0.262,0.373,0.306,0.354,0.05,0.336,0.32,0.174,0.294,0.37
554,CSE,0.4283012690374453,0.5859173249794448,balanced,4,2.283,21,59.0,0.394,0.282,0.438,0.858,0.458,0.859,0.645,0.224,0.416,0.17
555,CSE,0.7305640480361643,0.6169289788156356,balanced,5,3.533,25,67.0,0.98,0.787,0.783,0.578,0.89,0.976,0.408,0.474,0.836,0.757
556,ECE,0.9371825593586018,0.8115248617756246,balanced,2,3.8,9,27.0,0.98,0.88,0.97,0.864,0.98,0.955,0.98,0.888,0.946,0.98
557,ECE,0.7502101009944192,0.6442613127727566,major_progress,5,3.47,23,67.0,0.806,0.865,0.582,0.681,0.621,0.832,0.771,0.732,0.673,0.964
558,CCE,0.7647637000305308,0.6128225729007234,major_progress,2,3.032,10,28.0,0.638,0.936,0.683,0.519,0.539,0.651,0.365,0.73,0.839,0.804
559,CSE,0.5980550510707401,0.2576179815685452,major_progress,5,2.625,26,76.0,0.83,0.288,0.846,0.583,0.604,0.687,0.509,0.479,0.788,0.491
560,CSE,0.4072676353399999,0.5634126786856817,major_progress,8,2.5,25,71.0,0.189,0.187,0.948,0.409,0.524,0.418,0.542,0.172,0.64,0.23
561,ECE,0.637903996462414,0.347680025187795,major_progress,8,3.115,30,86.0,0.418,0.905,0.597,0.927,0.493,0.901,0.638,0.531,0.98,0.856
562,CCE,0.3269381030587287,0.5057288173857877,balanced,3,2.15,14,42.0,0.411,0.268,0.165,0.42,0.398,0.373,0.204,0.54,0.069,0.168
563,CSE,0.6739107739907298,0.38130414988670014,gpa_protective,3,2.968,17,47.0,0.98,0.723,0.544,0.508,0.707,0.747,0.98,0.309,0.868,0.709
564,CSE,0.5817631418947119,0.4004444452664348,balanced,8,2.672,31,87.0,0.535,0.646,0.803,0.09,0.462,0.733,0.818,0.584,0.578,0.411
565,ECE,0.8717431312692161,0.7600127488376928,balanced,6,3.827,31,91.0,0.98,0.908,0.98,0.959,0.837,0.98,0.963,0.98,0.81,0.746
566,ECE,0.6549843972727732,0.8533805988788866,balanced,6,2.991,34,94.0,0.737,0.744,0.474,0.555,0.98,0.81,0.737,0.657,0.645,0.486
567,ECE,0.5553610605032571,0.35417229884497464,balanced,8,2.74,33,95.0,0.98,0.537,0.769,0.279,0.332,0.65,0.85,0.495,0.43,0.598
568,CCE,0.5424953283997294,0.25488759002833916,gpa_protective,6,3.042,31,91.0,0.744,0.853,0.815,0.755,0.786,0.785,0.488,0.512,0.666,0.829
569,ECE,0.6580337173857763,0.6126489022332081,gpa_protective,6,2.944,30,84.0,0.636,0.483,0.751,0.675,0.581,0.588,0.563,0.657,0.484,0.359
570,CCE,0.6624730026988171,0.22067560091785593,balanced,6,2.839,26,72.0,0.386,0.475,0.426,0.462,0.834,0.52,0.744,0.717,0.626,0.494
571,CSE,0.8811188031125665,0.2823276954064068,balanced,7,4.0,30,86.0,0.98,0.867,0.739,0.979,0.802,0.659,0.943,0.808,0.98,0.864
572,CCE,0.8724933270244938,0.3682279476920795,balanced,2,3.423,11,31.0,0.553,0.457,0.98,0.846,0.74,0.98,0.98,0.98,0.89,0.904
573,CCE,0.7697617848476842,0.49307800316922656,gpa_protective,7,3.435,34,96.0,0.404,0.546,0.944,0.717,0.98,0.892,0.659,0.98,0.968,0.882
574,ECE,0.8010783760877954,0.36199197135728634,balanced,5,3.25,24,66.0,0.716,0.852,0.98,0.896,0.531,0.931,0.75,0.98,0.498,0.888
575,CSE,0.8190853514565726,0.6359851598932788,gpa_protective,2,3.506,12,32.0,0.98,0.609,0.778,0.98,0.751,0.814,0.98,0.628,0.631,0.505
576,CCE,0.6105495272901448,0.40280592255655095,balanced,4,3.054,20,54.0,0.98,0.826,0.632,0.745,0.783,0.606,0.676,0.842,0.661,0.707
577,ECE,0.7014730114545875,0.582027713748193,balanced,7,3.148,27,75.0,0.524,0.598,0.563,0.633,0.98,0.314,0.854,0.578,0.908,0.543
578,ECE,0.6956483109409339,0.4104973873030885,gpa_protective,7,3.441,29,81.0,0.94,0.731,0.606,0.704,0.581,0.903,0.868,0.727,0.98,0.781
579,CSE,0.7508358468179234,0.5807866852895213,balanced,4,3.432,19,57.0,0.382,0.604,0.697,0.561,0.562,0.923,0.8,0.55,0.625,0.771
580,CCE,0.46255595902880353,0.6276236490998263,balanced,5,2.529,27,75.0,0.422,0.391,0.384,0.834,0.656,0.407,0.619,0.172,0.49,0.362
581,CSE,0.5820278881125364,0.7172285320742726,balanced,4,3.179,19,53.0,0.775,0.546,0.478,0.856,0.855,0.42,0.488,0.774,0.801,0.631
582,CCE,0.6688620045624419,0.19853251914337128,gpa_protective,5,2.876,26,72.0,0.642,0.821,0.571,0.747,0.773,0.737,0.678,0.98,0.743,0.397
583,CSE,0.3777316217534412,0.5778475772931722,major_progress,8,2.252,31,87.0,0.803,0.34,0.454,0.539,0.581,0.233,0.521,0.38,0.317,0.194
584,ECE,0.7407104521384534,0.5359119765295698,gpa_protective,3,3.327,16,44.0,0.788,0.665,0.846,0.455,0.898,0.596,0.607,0.855,0.923,0.74
585,CSE,0.3120594607655324,0.323791395082086,balanced,7,1.606,30,82.0,0.092,0.183,0.05,0.263,0.241,0.106,0.204,0.587,0.207,0.292
586,ECE,0.5697332425411225,0.3680331906815964,major_progress,8,2.875,21,57.0,0.513,0.261,0.781,0.784,0.342,0.611,0.678,0.661,0.373,0.849
587,CCE,0.9029960306873365,0.26645471895475037,gpa_protective,8,3.87,33,97.0,0.85,0.98,0.98,0.754,0.836,0.98,0.854,0.98,0.98,0.98
588,CSE,0.6635322837533703,0.485625787030289,major_progress,7,2.899,29,81.0,0.568,0.841,0.625,0.495,0.7,0.422,0.98,0.522,0.502,0.576
589,CCE,0.7082696320561267,0.7823767338574081,balanced,8,3.549,29,83.0,0.766,0.617,0.816,0.814,0.682,0.818,0.571,0.84,0.917,0.721
590,CSE,0.4615263190363624,0.7089985159778178,balanced,5,2.694,19,53.0,0.263,0.569,0.657,0.697,0.283,0.535,0.734,0.42,0.442,0.56
591,ECE,0.7204562042948137,0.19771198221278596,balanced,8,2.994,29,81.0,0.514,0.469,0.792,0.585,0.569,0.706,0.98,0.402,0.519,0.407
592,ECE,0.3698317332522581,0.6490389295903957,balanced,2,2.312,9,25.0,0.578,0.564,0.393,0.368,0.333,0.088,0.38,0.27,0.328,0.292
593,ECE,0.6141542076447112,0.5722062819767528,balanced,6,2.398,30,86.0,0.341,0.657,0.576,0.815,0.481,0.164,0.714,0.359,0.58,0.204
594,ECE,0.6616530468874658,0.20088226358368963,balanced,3,3.078,15,41.0,0.861,0.502,0.827,0.797,0.813,0.674,0.611,0.921,0.616,0.587
595,CSE,0.6447632019754022,0.5989877011890123,major_progress,8,2.633,27,81.0,0.98,0.788,0.663,0.71,0.223,0.103,0.455,0.75,0.492,0.392
596,CCE,0.8065402209130245,0.6577190272375717,major_progress,6,3.393,20,54.0,0.558,0.98,0.728,0.492,0.428,0.98,0.98,0.687,0.781,0.627
597,ECE,0.8021323028112679,0.47124169345866296,gpa_protective,2,3.216,9,25.0,0.639,0.527,0.98,0.518,0.871,0.633,0.905,0.98,0.907,0.644
598,CSE,0.7885561946714983,0.726096328706193,major_progress,7,3.504,19,53.0,0.643,0.98,0.732,0.98,0.841,0.9,0.546,0.98,0.98,0.694
599,ECE,0.8035846212406439,0.2103509392033541,balanced,3,3.65,18,48.0,0.947,0.88,0.98,0.928,0.963,0.551,0.932,0.917,0.617,0.818
600,CCE,0.7504487931088942,0.7601224227447944,gpa_protective,2,3.478,9,27.0,0.911,0.926,0.653,0.853,0.787,0.952,0.351,0.592,0.703,0.426
